stage,algorithm,event,elapsed
1,LADMM,start,8.695723056793213
1,LADMM,end,14.687334060668945
2,CP,start,16.715819120407104
2,CP,end,45.2043890953064
3,LADMM,start,45.36390995979309
3,LADMM,end,45.92029809951782
4,CP,start,46.00565004348755
4,CP,end,58.92355704307556
5,LADMM,start,58.95670413970947
5,LADMM,end,59.67010498046875
6,CP,start,59.67460107803345
6,CP,end,73.04699301719666
7,LADMM,start,73.06285095214844
7,LADMM,end,73.370924949646
8,CP,start,73.37527418136597
8,CP,end,86.46542406082153
9,LADMM,start,86.47586607933044
9,LADMM,end,86.79598617553711
10,CP,start,86.80060601234436
10,CP,end,99.86507606506348
11,LADMM,start,99.87523102760315
11,LADMM,end,100.16779708862305
12,CP,start,100.17220997810364
12,CP,end,113.63345408439636
13,LADMM,start,113.6431131362915
13,LADMM,end,113.94080996513367
14,CP,start,113.94487714767456
14,CP,end,128.28649806976318
15,LADMM,start,128.2964870929718
15,LADMM,end,128.5860149860382
16,CP,start,128.59038710594177
16,CP,end,143.16703414916992
17,LADMM,start,143.17640495300293
17,LADMM,end,143.4733371734619
18,CP,start,143.4773931503296
18,CP,end,158.91122913360596
19,LADMM,start,158.92059707641602
19,LADMM,end,159.2184841632843
20,CP,start,159.22343707084656
20,CP,end,174.96925711631775
21,LADMM,start,174.99022507667542
21,LADMM,end,175.29070615768433
22,CP,start,175.2955310344696
22,CP,end,186.70260000228882
23,LADMM,start,186.71183800697327
23,LADMM,end,187.00165510177612
24,CP,start,187.00588512420654
24,CP,end,198.89935398101807
25,LADMM,start,198.91486716270447
25,LADMM,end,199.22482800483704
26,CP,start,199.22902297973633
26,CP,end,217.54775500297546
27,LADMM,start,217.55698704719543
27,LADMM,end,217.8647620677948
28,CP,start,217.8719961643219
28,CP,end,231.21449398994446
29,LADMM,start,231.22564911842346
29,LADMM,end,231.53416109085083
30,CP,start,231.5391640663147
30,CP,end,250.47789096832275
31,LADMM,start,250.48810195922852
31,LADMM,end,250.77685809135437
32,CP,start,250.78157997131348
32,CP,end,269.1940760612488
33,LADMM,start,269.20456194877625
33,LADMM,end,269.5062081813812
34,CP,start,269.5113580226898
34,CP,end,287.88953709602356
35,LADMM,start,287.8996431827545
35,LADMM,end,288.1857409477234
36,CP,start,288.1896650791168
36,CP,end,309.32130002975464
37,LADMM,start,309.3328421115875
37,LADMM,end,309.6281931400299
38,CP,start,309.6416699886322
38,CP,end,327.19336700439453
39,LADMM,start,327.20607113838196
39,LADMM,end,327.51178097724915
40,CP,start,327.51580905914307
40,CP,end,346.63364815711975
41,LADMM,start,346.6526780128479
41,LADMM,end,346.9510371685028
42,CP,start,346.9561719894409
42,CP,end,360.96729707717896
43,LADMM,start,360.9712641239166
43,LADMM,end,361.47821617126465
44,CP,start,361.48227095603943
44,CP,end,366.5049481391907
45,LADMM,start,366.5092029571533
45,LADMM,end,366.56181812286377
46,CP,start,366.5656621456146
46,CP,end,372.515202999115
47,LADMM,start,372.52010202407837
47,LADMM,end,372.56217312812805
48,CP,start,372.56600999832153
48,CP,end,378.3003451824188
49,LADMM,start,378.30495715141296
49,LADMM,end,378.38349199295044
50,CP,start,378.38777804374695
50,CP,end,384.7052459716797
51,LADMM,start,384.71012711524963
51,LADMM,end,384.80554008483887
52,CP,start,384.80932903289795
52,CP,end,394.1211371421814
53,LADMM,start,394.1323809623718
53,LADMM,end,394.2266800403595
54,CP,start,394.2322859764099
54,CP,end,404.8307189941406
55,LADMM,start,404.8369791507721
55,LADMM,end,404.9105131626129
56,CP,start,404.9151780605316
56,CP,end,416.9036281108856
57,LADMM,start,416.9111680984497
57,LADMM,end,417.01052618026733
58,CP,start,417.0137720108032
58,CP,end,425.15261697769165
59,LADMM,start,425.1651430130005
59,LADMM,end,425.26210713386536
60,CP,start,425.26721715927124
60,CP,end,463.2476761341095
61,LADMM,start,463.26085901260376
61,LADMM,end,463.3911051750183
62,CP,start,463.41556310653687
62,CP,end,474.02745294570923
63,LADMM,start,474.0328140258789
63,LADMM,end,474.15556716918945
64,CP,start,474.15949296951294
64,CP,end,485.988676071167
65,LADMM,start,486.0002691745758
65,LADMM,end,486.13169717788696
66,CP,start,486.1357390880585
66,CP,end,499.1202940940857
67,LADMM,start,499.12618803977966
67,LADMM,end,499.27688813209534
68,CP,start,499.2806820869446
68,CP,end,510.26892614364624
69,LADMM,start,510.2756609916687
69,LADMM,end,510.4383111000061
70,CP,start,510.44286704063416
70,CP,end,523.0596890449524
71,LADMM,start,523.0656340122223
71,LADMM,end,523.2030260562897
72,CP,start,523.2180390357971
72,CP,end,545.843827009201
73,LADMM,start,545.8499050140381
73,LADMM,end,546.0092220306396
74,CP,start,546.0147490501404
74,CP,end,560.5852301120758
75,LADMM,start,560.5998141765594
75,LADMM,end,560.7716770172119
76,CP,start,560.7816770076752
76,CP,end,573.5717949867249
77,LADMM,start,573.5795140266418
77,LADMM,end,573.7429389953613
78,CP,start,573.7482981681824
78,CP,end,590.8978161811829
79,LADMM,start,590.9045650959015
79,LADMM,end,591.0553131103516
80,CP,start,591.0592601299286
80,CP,end,606.7284741401672
81,LADMM,start,606.7420361042023
81,LADMM,end,606.8924219608307
82,CP,start,606.897439956665
82,CP,end,623.1986491680145
83,LADMM,start,623.2059140205383
83,LADMM,end,623.3722150325775
84,CP,start,623.3765971660614
84,CP,end,641.2180099487305
85,LADMM,start,641.2262489795685
85,LADMM,end,641.3893330097198
86,CP,start,641.4020810127258
86,CP,end,658.5465800762177
87,LADMM,start,658.5582220554352
87,LADMM,end,658.9753751754761
88,CP,start,658.9796190261841
88,CP,end,695.7945220470428
89,LADMM,start,695.8007121086121
89,LADMM,end,695.9731440544128
90,CP,start,695.9772591590881
90,CP,end,709.8846521377563
91,LADMM,start,709.8962171077728
91,LADMM,end,710.6007561683655
92,CP,start,710.6177361011505
92,CP,end,726.0772681236267
93,LADMM,start,726.0930831432343
93,LADMM,end,726.2794880867004
94,CP,start,726.3074929714203
94,CP,end,748.6175351142883
95,LADMM,start,748.638062953949
95,LADMM,end,749.471734046936
96,CP,start,749.4760010242462
96,CP,end,765.8333930969238
97,LADMM,start,765.8423671722412
97,LADMM,end,766.0912690162659
98,CP,start,766.0956749916077
98,CP,end,780.0193021297455
99,LADMM,start,780.0264940261841
99,LADMM,end,780.3353490829468
100,CP,start,780.3397650718689
100,CP,end,795.1038420200348
101,LADMM,start,795.1283249855042
101,LADMM,end,795.1590721607208
102,CP,start,795.16539311409
102,CP,end,810.5799231529236
103,LADMM,start,810.5884821414948
103,LADMM,end,810.8968210220337
104,CP,start,810.9013440608978
104,CP,end,822.2791271209717
105,LADMM,start,822.2943279743195
105,LADMM,end,823.0037131309509
106,CP,start,823.0083019733429
106,CP,end,837.0895049571991
107,LADMM,start,837.1041791439056
107,LADMM,end,837.3835501670837
108,CP,start,837.3881261348724
108,CP,end,851.0755939483643
109,LADMM,start,851.0903480052948
109,LADMM,end,851.3554539680481
110,CP,start,851.3591439723969
110,CP,end,866.7695391178131
111,LADMM,start,866.790449142456
111,LADMM,end,869.5517401695251
112,CP,start,869.5589179992676
112,CP,end,919.8921949863434
113,LADMM,start,919.8966901302338
113,LADMM,end,921.1880819797516
114,CP,start,921.1931190490723
114,CP,end,2589.526251077652
115,LADMM,start,2589.5323090553284
115,LADMM,end,2591.135593175888
116,CP,start,2591.1412110328674
116,CP,end,3249.3215911388397
117,LADMM,start,3249.3267619609833
117,LADMM,end,3250.7276680469513
118,CP,start,3250.7321569919586
118,CP,end,4810.661700963974
119,LADMM,start,4810.694149017334
119,LADMM,end,4811.038161993027
120,CP,start,4811.044403076172
120,CP,end,4822.132430076599
121,LADMM,start,4822.138827085495
121,LADMM,end,4822.184957027435
122,CP,start,4822.189993143082
122,CP,end,4827.836800098419
123,LADMM,start,4827.842637062073
123,LADMM,end,4827.885471105576
124,CP,start,4827.890066146851
124,CP,end,4834.191312074661
125,LADMM,start,4834.197319984436
125,LADMM,end,4834.2721791267395
126,CP,start,4834.278795957565
126,CP,end,4840.059900999069
127,LADMM,start,4840.066769123077
127,LADMM,end,4840.158401012421
128,CP,start,4840.163475036621
128,CP,end,4846.815723180771
129,LADMM,start,4846.822868108749
129,LADMM,end,4846.935590028763
130,CP,start,4846.94029211998
130,CP,end,4856.9245619773865
131,LADMM,start,4856.931552171707
131,LADMM,end,4857.036098003387
132,CP,start,4857.0411541461945
132,CP,end,4865.0198431015015
133,LADMM,start,4865.027325153351
133,LADMM,end,4865.145045995712
134,CP,start,4865.150017023087
134,CP,end,4875.702584981918
135,LADMM,start,4875.710242033005
135,LADMM,end,4875.829267978668
136,CP,start,4875.834511995316
136,CP,end,4887.5086550712585
137,LADMM,start,4887.515293121338
137,LADMM,end,4887.993599176407
138,CP,start,4888.000218153
138,CP,end,4900.701580047607
139,LADMM,start,4900.709046125412
139,LADMM,end,4900.829035043716
140,CP,start,4900.8347799777985
140,CP,end,4909.554280042648
141,LADMM,start,4909.5705909729
141,LADMM,end,4909.704807043076
142,CP,start,4909.710777997971
142,CP,end,4939.933268070221
143,LADMM,start,4939.940996170044
143,LADMM,end,4940.084931135178
144,CP,start,4940.090715169907
144,CP,end,4949.792073965073
145,LADMM,start,4949.799764156342
145,LADMM,end,4949.949516057968
146,CP,start,4949.955461978912
146,CP,end,4962.141044139862
147,LADMM,start,4962.157988071442
147,LADMM,end,4962.320364952087
148,CP,start,4962.326012134552
148,CP,end,4980.530550956726
149,LADMM,start,4980.53883099556
149,LADMM,end,4980.724713087082
150,CP,start,4980.734225988388
150,CP,end,4993.013879060745
151,LADMM,start,4993.0222289562225
151,LADMM,end,4993.190958023071
152,CP,start,4993.195672035217
152,CP,end,5010.369358062744
153,LADMM,start,5010.375699043274
153,LADMM,end,5010.532439947128
154,CP,start,5010.537050962448
154,CP,end,5023.424841165543
155,LADMM,start,5023.4461941719055
155,LADMM,end,5023.611931085587
156,CP,start,5023.6167781353
156,CP,end,5039.742443084717
157,LADMM,start,5039.751580953598
157,LADMM,end,5039.92257809639
158,CP,start,5039.928477048874
158,CP,end,5053.774098157883
159,LADMM,start,5053.781996965408
159,LADMM,end,5053.943223953247
160,CP,start,5053.948246002197
160,CP,end,5066.656466960907
161,LADMM,start,5066.66372013092
161,LADMM,end,5066.813476085663
162,CP,start,5066.818283081055
162,CP,end,5083.1189551353455
163,LADMM,start,5083.126734018326
163,LADMM,end,5083.298582077026
164,CP,start,5083.30433011055
164,CP,end,5096.329707145691
165,LADMM,start,5096.347669124603
165,LADMM,end,5096.525665044785
166,CP,start,5096.532205104828
166,CP,end,5113.033959150314
167,LADMM,start,5113.041335105896
167,LADMM,end,5113.192245960236
168,CP,start,5113.197149991989
168,CP,end,5127.7047560215
169,LADMM,start,5127.720257997513
169,LADMM,end,5127.876438140869
170,CP,start,5127.88100194931
170,CP,end,5143.819164991379
171,LADMM,start,5143.826729059219
171,LADMM,end,5144.471276044846
172,CP,start,5144.499356985092
172,CP,end,5161.0011150836945
173,LADMM,start,5161.008399963379
173,LADMM,end,5161.178743124008
174,CP,start,5161.190705060959
174,CP,end,5176.722892999649
175,LADMM,start,5176.730100154877
175,LADMM,end,5176.892263174057
176,CP,start,5176.897479057312
176,CP,end,5190.183612108231
177,LADMM,start,5190.192887067795
177,LADMM,end,5191.99581694603
178,CP,start,5192.001876115799
178,CP,end,5212.811079025269
179,LADMM,start,5212.82645201683
179,LADMM,end,5212.843831062317
180,CP,start,5212.855492115021
180,CP,end,5250.978160142899
181,LADMM,start,5250.988741159439
181,LADMM,end,5251.0196940898895
182,CP,start,5251.02449297905
182,CP,end,5266.2739980220795
183,LADMM,start,5266.2829439640045
183,LADMM,end,5268.015946149826
184,CP,start,5268.022225141525
184,CP,end,5279.773378133774
185,LADMM,start,5279.782773017883
185,LADMM,end,5279.996870994568
186,CP,start,5280.002653121948
186,CP,end,5288.432301998138
187,LADMM,start,5288.437870979309
187,LADMM,end,5288.446748971939
188,CP,start,5288.450689077377
188,CP,end,5293.5478410720825
189,LADMM,start,5293.5535180568695
189,LADMM,end,5293.607288122177
190,CP,start,5293.613409996033
190,CP,end,5299.795746088028
191,LADMM,start,5299.8014960289
191,LADMM,end,5299.849493980408
192,CP,start,5299.857184171677
192,CP,end,5305.232577085495
193,LADMM,start,5305.238816976547
193,LADMM,end,5305.281929016113
194,CP,start,5305.286546945572
194,CP,end,5310.758280038834
195,LADMM,start,5310.763908147812
195,LADMM,end,5310.807605981827
196,CP,start,5310.812438964844
196,CP,end,5316.734825134277
197,LADMM,start,5316.74111700058
197,LADMM,end,5316.78249502182
198,CP,start,5316.787621021271
198,CP,end,5322.274849176407
199,LADMM,start,5322.280466079712
199,LADMM,end,5322.334992170334
200,CP,start,5322.343989133835
200,CP,end,5327.997657060623
201,LADMM,start,5328.005481958389
201,LADMM,end,5328.04877114296
202,CP,start,5328.05433011055
202,CP,end,5333.624755144119
203,LADMM,start,5333.630146026611
203,LADMM,end,5333.672672986984
204,CP,start,5333.677031993866
204,CP,end,5339.147339105606
205,LADMM,start,5339.1543390750885
205,LADMM,end,5339.200515031815
206,CP,start,5339.205768108368
206,CP,end,5344.890565156937
207,LADMM,start,5344.896239042282
207,LADMM,end,5344.938225984573
208,CP,start,5344.942761182785
208,CP,end,5350.579457044601
209,LADMM,start,5350.585467100143
209,LADMM,end,5350.627566099167
210,CP,start,5350.632189035416
210,CP,end,5356.654653072357
211,LADMM,start,5356.663175106049
211,LADMM,end,5356.7063200473785
212,CP,start,5356.71097612381
212,CP,end,5361.944139003754
213,LADMM,start,5361.950392961502
213,LADMM,end,5361.995623111725
214,CP,start,5362.000444173813
214,CP,end,5367.150928020477
215,LADMM,start,5367.156728982925
215,LADMM,end,5367.20099401474
216,CP,start,5367.204835176468
216,CP,end,5372.977983951569
217,LADMM,start,5372.983489990234
217,LADMM,end,5373.018686056137
218,CP,start,5373.023204088211
218,CP,end,5377.775563955307
219,LADMM,start,5377.781147956848
219,LADMM,end,5377.829843997955
220,CP,start,5377.834027051926
220,CP,end,5382.950704097748
221,LADMM,start,5382.969607114792
221,LADMM,end,5383.016327142715
222,CP,start,5383.020663976669
222,CP,end,5388.336470127106
223,LADMM,start,5388.353335142136
223,LADMM,end,5388.46316409111
224,CP,start,5388.468927145004
224,CP,end,5397.630078077316
225,LADMM,start,5397.636188030243
225,LADMM,end,5397.685440063477
226,CP,start,5397.69077706337
226,CP,end,5405.94247508049
227,LADMM,start,5405.949174165726
227,LADMM,end,5406.073104143143
228,CP,start,5406.07795214653
228,CP,end,5414.277923107147
229,LADMM,start,5414.310398101807
229,LADMM,end,5414.360102176666
230,CP,start,5414.365018129349
230,CP,end,5422.10128903389
231,LADMM,start,5422.106966972351
231,LADMM,end,5422.237007141113
232,CP,start,5422.241721153259
232,CP,end,5430.892280101776
233,LADMM,start,5430.898928165436
233,LADMM,end,5431.043302059174
234,CP,start,5431.047698020935
234,CP,end,5441.113680124283
235,LADMM,start,5441.128746032715
235,LADMM,end,5441.39427614212
236,CP,start,5441.400783061981
236,CP,end,5449.119148015976
237,LADMM,start,5449.136693954468
237,LADMM,end,5449.290004968643
238,CP,start,5449.295874118805
238,CP,end,5458.458783149719
239,LADMM,start,5458.466094970703
239,LADMM,end,5458.659587144852
240,CP,start,5458.665444135666
240,CP,end,5483.151803970337
241,LADMM,start,5483.160315990448
241,LADMM,end,5483.347432136536
242,CP,start,5483.352429151535
242,CP,end,5498.284137010574
243,LADMM,start,5498.291080951691
243,LADMM,end,5498.461869955063
244,CP,start,5498.466547012329
244,CP,end,5510.026522159576
245,LADMM,start,5510.035896062851
245,LADMM,end,5510.192377090454
246,CP,start,5510.19752407074
246,CP,end,5527.035238027573
247,LADMM,start,5527.042083024979
247,LADMM,end,5527.207406997681
248,CP,start,5527.21279501915
248,CP,end,5539.382748126984
249,LADMM,start,5539.396142959595
249,LADMM,end,5539.529901981354
250,CP,start,5539.535690069199
250,CP,end,5553.348345994949
251,LADMM,start,5553.355494976044
251,LADMM,end,5553.520085096359
252,CP,start,5553.524749994278
252,CP,end,5568.977185964584
253,LADMM,start,5568.992542982101
253,LADMM,end,5569.154433012009
254,CP,start,5569.160032987595
254,CP,end,5586.127683162689
255,LADMM,start,5586.135458946228
255,LADMM,end,5586.298606157303
256,CP,start,5586.304892063141
256,CP,end,5601.314444065094
257,LADMM,start,5601.321398019791
257,LADMM,end,5601.478271961212
258,CP,start,5601.483391046524
258,CP,end,5616.926448106766
259,LADMM,start,5616.934654951096
259,LADMM,end,5617.1023869514465
260,CP,start,5617.108982086182
260,CP,end,5638.006870985031
261,LADMM,start,5638.014085054398
261,LADMM,end,5638.178563117981
262,CP,start,5638.208374977112
262,CP,end,5651.6621530056
263,LADMM,start,5651.6701600551605
263,LADMM,end,5651.814929008484
264,CP,start,5651.83011007309
264,CP,end,5666.4516179561615
265,LADMM,start,5666.459655046463
265,LADMM,end,5666.626646995544
266,CP,start,5666.630891084671
266,CP,end,5683.015774011612
267,LADMM,start,5683.025042057037
267,LADMM,end,5683.924754142761
268,CP,start,5683.930128097534
268,CP,end,5704.652594089508
269,LADMM,start,5704.660258054733
269,LADMM,end,5705.156154155731
270,CP,start,5705.16073012352
270,CP,end,5718.20801615715
271,LADMM,start,5718.216180086136
271,LADMM,end,5718.25789809227
272,CP,start,5718.262629985809
272,CP,end,5725.304636001587
273,LADMM,start,5725.311486959457
273,LADMM,end,5725.507697105408
274,CP,start,5725.512421131134
274,CP,end,5735.213958024979
275,LADMM,start,5735.221218109131
275,LADMM,end,5736.617567062378
276,CP,start,5736.623252153397
276,CP,end,5747.380848169327
277,LADMM,start,5747.396952152252
277,LADMM,end,5749.297119140625
278,CP,start,5749.301880121231
278,CP,end,5760.0076379776
279,LADMM,start,5760.018674135208
279,LADMM,end,5760.269903182983
280,CP,start,5760.294106006622
280,CP,end,5768.973382949829
281,LADMM,start,5768.9846341609955
281,LADMM,end,5772.016989946365
282,CP,start,5772.023004055023
282,CP,end,5788.573131084442
283,LADMM,start,5788.585186958313
283,LADMM,end,5796.57977604866
284,CP,start,5796.585777997971
284,CP,end,5813.814110040665
285,LADMM,start,5813.826452970505
285,LADMM,end,5822.9196989536285
286,CP,start,5822.927180051804
286,CP,end,5839.927107095718
287,LADMM,start,5839.93955206871
287,LADMM,end,5849.58891916275
288,CP,start,5849.5939309597015
288,CP,end,5865.892460107803
289,LADMM,start,5865.904844045639
289,LADMM,end,5874.696385145187
290,CP,start,5874.702219009399
290,CP,end,5891.469041109085
291,LADMM,start,5891.480474948883
291,LADMM,end,5900.609121084213
292,CP,start,5900.615319013596
292,CP,end,5917.158597946167
293,LADMM,start,5917.17045211792
293,LADMM,end,5925.951498031616
294,CP,start,5925.958044052124
294,CP,end,5942.431775093079
295,LADMM,start,5942.443866968155
295,LADMM,end,5951.214876174927
296,CP,start,5951.222372055054
296,CP,end,5967.764731168747
297,LADMM,start,5967.78569316864
297,LADMM,end,5976.859373092651
298,CP,start,5976.864225149155
298,CP,end,5992.690407037735
299,LADMM,start,5992.70271396637
299,LADMM,end,6001.1621260643005
300,CP,start,6001.168347120285
300,CP,end,6016.15084195137
301,LADMM,start,6016.16285610199
301,LADMM,end,6024.528289079666
302,CP,start,6024.534568071365
302,CP,end,6038.652240991592
303,LADMM,start,6038.664467096329
303,LADMM,end,6042.523468017578
304,CP,start,6042.528871059418
304,CP,end,6056.415352106094
305,LADMM,start,6056.436710119247
305,LADMM,end,6058.247622966766
306,CP,start,6058.253638982773
306,CP,end,6070.830122947693
307,LADMM,start,6070.840935945511
307,LADMM,end,6071.113177061081
308,CP,start,6071.118455171585
308,CP,end,6083.666422128677
309,LADMM,start,6083.6809639930725
309,LADMM,end,6084.3365869522095
310,CP,start,6084.341679096222
310,CP,end,6097.123578071594
311,LADMM,start,6097.145369052887
311,LADMM,end,6097.913866043091
312,CP,start,6097.919815063477
312,CP,end,6106.394726991653
313,LADMM,start,6106.415261030197
313,LADMM,end,6107.101624011993
314,CP,start,6107.107771158218
314,CP,end,6121.731842041016
315,LADMM,start,6121.753822088242
315,LADMM,end,6122.477394104004
316,CP,start,6122.482889175415
316,CP,end,6135.062762975693
317,LADMM,start,6135.091268062592
317,LADMM,end,6135.795201063156
318,CP,start,6135.801092147827
318,CP,end,6148.389688968658
319,LADMM,start,6148.405138015747
319,LADMM,end,6149.1600160598755
320,CP,start,6149.166363954544
320,CP,end,6161.73549413681
321,LADMM,start,6161.754884004593
321,LADMM,end,6162.461881160736
322,CP,start,6162.467632055283
322,CP,end,6171.139572143555
323,LADMM,start,6171.1604261398315
323,LADMM,end,6171.861436128616
324,CP,start,6171.867220163345
324,CP,end,6185.018510103226
325,LADMM,start,6185.031617164612
325,LADMM,end,6185.752943992615
326,CP,start,6185.758213996887
326,CP,end,6198.652539968491
327,LADMM,start,6198.6721930503845
327,LADMM,end,6199.397109985352
328,CP,start,6199.4026889801025
328,CP,end,6208.000008106232
329,LADMM,start,6208.020266056061
329,LADMM,end,6208.77747797966
330,CP,start,6208.785591125488
330,CP,end,6222.339727163315
331,LADMM,start,6222.359912157059
331,LADMM,end,6223.055979013443
332,CP,start,6223.061151981354
332,CP,end,6236.463976144791
333,LADMM,start,6236.488363981247
333,LADMM,end,6237.201399087906
334,CP,start,6237.2065970897675
334,CP,end,6250.135269165039
335,LADMM,start,6250.155838012695
335,LADMM,end,6250.888337135315
336,CP,start,6250.894211053848
336,CP,end,6264.040665149689
337,LADMM,start,6264.062366962433
337,LADMM,end,6264.785542011261
338,CP,start,6264.790997982025
338,CP,end,6277.396373033524
339,LADMM,start,6277.423000097275
339,LADMM,end,6278.1223611831665
340,CP,start,6278.127706050873
340,CP,end,6292.836642026901
341,LADMM,start,6292.857522010803
341,LADMM,end,6293.566528081894
342,CP,start,6293.57207608223
342,CP,end,6302.893494129181
343,LADMM,start,6302.9066071510315
343,LADMM,end,6303.62074804306
344,CP,start,6303.625797986984
344,CP,end,6316.756293058395
345,LADMM,start,6316.768305063248
345,LADMM,end,6317.505234003067
346,CP,start,6317.511234045029
346,CP,end,6333.105221986771
347,LADMM,start,6333.118724107742
347,LADMM,end,6333.841619968414
348,CP,start,6333.847275018692
348,CP,end,6349.2506721019745
349,LADMM,start,6349.262951135635
349,LADMM,end,6349.977830171585
350,CP,start,6349.985352039337
350,CP,end,6360.888612031937
351,LADMM,start,6360.901538133621
351,LADMM,end,6361.6162831783295
352,CP,start,6361.6315269470215
352,CP,end,6377.932186126709
353,LADMM,start,6377.94389295578
353,LADMM,end,6378.707124948502
354,CP,start,6378.713247060776
354,CP,end,6389.750121116638
355,LADMM,start,6389.766478061676
355,LADMM,end,6390.501757144928
356,CP,start,6390.508164167404
356,CP,end,6402.044041156769
357,LADMM,start,6402.0575749874115
357,LADMM,end,6402.798334121704
358,CP,start,6402.804177045822
358,CP,end,6418.479588031769
359,LADMM,start,6418.500177145004
359,LADMM,end,6419.223003149033
360,CP,start,6419.2284719944
360,CP,end,6433.282328128815
361,LADMM,start,6433.302855014801
361,LADMM,end,6433.622586011887
362,CP,start,6433.627627134323
362,CP,end,6450.210551977158
363,LADMM,start,6450.237024068832
363,LADMM,end,6450.552149057388
364,CP,start,6450.557532072067
364,CP,end,6465.950158119202
365,LADMM,start,6465.962913036346
365,LADMM,end,6466.287698030472
366,CP,start,6466.2945420742035
366,CP,end,6483.150050163269
367,LADMM,start,6483.171051025391
367,LADMM,end,6483.499763965607
368,CP,start,6483.515874147415
368,CP,end,6494.965758085251
369,LADMM,start,6494.976940155029
369,LADMM,end,6495.2888860702515
370,CP,start,6495.294375181198
370,CP,end,6516.5792760849
371,LADMM,start,6516.594118118286
371,LADMM,end,6516.898331165314
372,CP,start,6516.903711080551
372,CP,end,6525.759104013443
373,LADMM,start,6525.771046161652
373,LADMM,end,6526.438922166824
374,CP,start,6526.4522540569305
374,CP,end,6538.260387182236
375,LADMM,start,6538.273452997208
375,LADMM,end,6538.980050086975
376,CP,start,6538.985161066055
376,CP,end,6555.399022102356
377,LADMM,start,6555.4192070961
377,LADMM,end,6555.740650177002
378,CP,start,6555.758486032486
378,CP,end,6574.59284901619
379,LADMM,start,6574.606462955475
379,LADMM,end,6574.9389770030975
380,CP,start,6574.945391178131
380,CP,end,6585.9455580711365
381,LADMM,start,6585.956316947937
381,LADMM,end,6586.271202087402
382,CP,start,6586.27654004097
382,CP,end,6596.479011058807
383,LADMM,start,6596.491497993469
383,LADMM,end,6596.813152074814
384,CP,start,6596.8184859752655
384,CP,end,6613.67803812027
385,LADMM,start,6613.690837144852
385,LADMM,end,6614.335999011993
386,CP,start,6614.341231107712
386,CP,end,6630.571465015411
387,LADMM,start,6630.958753108978
387,LADMM,end,6631.252236127853
388,CP,start,6631.257989168167
388,CP,end,6647.481233119965
389,LADMM,start,6647.495140075684
389,LADMM,end,6648.176846981049
390,CP,start,6648.183386087418
390,CP,end,6666.207054138184
391,LADMM,start,6666.219640016556
391,LADMM,end,6666.885339975357
392,CP,start,6666.891713142395
392,CP,end,6675.808417081833
393,LADMM,start,6675.821401119232
393,LADMM,end,6676.486468076706
394,CP,start,6676.492299079895
394,CP,end,6692.734555006027
395,LADMM,start,6692.747425079346
395,LADMM,end,6693.068928003311
396,CP,start,6693.090324163437
396,CP,end,6708.714712142944
397,LADMM,start,6708.736449956894
397,LADMM,end,6709.0487740039825
398,CP,start,6709.0542459487915
398,CP,end,6729.281880140305
399,LADMM,start,6729.295081138611
399,LADMM,end,6729.846224069595
400,CP,start,6729.853297948837
400,CP,end,6740.611060142517
401,LADMM,start,6740.632157087326
401,LADMM,end,6741.014470100403
402,CP,start,6741.021073102951
402,CP,end,6756.477844953537
403,LADMM,start,6756.497221946716
403,LADMM,end,6756.820780038834
404,CP,start,6756.826229095459
404,CP,end,6773.910169124603
405,LADMM,start,6773.925018072128
405,LADMM,end,6774.602748155594
406,CP,start,6774.608081102371
406,CP,end,6791.352375984192
407,LADMM,start,6791.364650964737
407,LADMM,end,6792.029643058777
408,CP,start,6792.04260802269
408,CP,end,6807.178014039993
409,LADMM,start,6807.545448064804
409,LADMM,end,6807.8394510746
410,CP,start,6807.84580206871
410,CP,end,6898.611544132233
411,LADMM,start,6898.627822160721
411,LADMM,end,6899.067259073257
412,CP,start,6899.075371980667
412,CP,end,6917.246464967728
413,LADMM,start,6917.257992982864
413,LADMM,end,6917.601524114609
414,CP,start,6917.62039399147
414,CP,end,6939.7800550460815
415,LADMM,start,6939.798722028732
415,LADMM,end,6940.125965118408
416,CP,start,6940.131394147873
416,CP,end,6963.60196018219
417,LADMM,start,6963.62099814415
417,LADMM,end,6963.9368941783905
418,CP,start,6963.941568136215
418,CP,end,6972.240123033524
419,LADMM,start,6972.248175144196
419,LADMM,end,6972.571499109268
420,CP,start,6972.577492952347
420,CP,end,6994.692422151566
421,LADMM,start,6994.703871965408
421,LADMM,end,6995.012559175491
422,CP,start,6995.018042087555
422,CP,end,7019.125419139862
423,LADMM,start,7019.146990060806
423,LADMM,end,7019.4728100299835
424,CP,start,7019.477777957916
424,CP,end,7032.210014104843
425,LADMM,start,7032.215423107147
425,LADMM,end,7032.550654172897
426,CP,start,7032.556279182434
426,CP,end,7060.028489112854
427,LADMM,start,7060.049726963043
427,LADMM,end,7060.434293985367
428,CP,start,7060.4407250881195
428,CP,end,7086.809100151062
429,LADMM,start,7086.824336051941
429,LADMM,end,7087.318315029144
430,CP,start,7087.352611064911
430,CP,end,7110.953860044479
431,LADMM,start,7111.320175170898
431,LADMM,end,7111.672629117966
432,CP,start,7111.677682161331
432,CP,end,7188.031326055527
433,LADMM,start,7188.0447561740875
433,LADMM,end,7188.359717130661
434,CP,start,7188.476634025574
434,CP,end,7205.018639087677
435,LADMM,start,7205.024131059647
435,LADMM,end,7205.7261531353
436,CP,start,7205.73054599762
436,CP,end,7287.1305911540985
437,LADMM,start,7287.137191057205
437,LADMM,end,7287.466886997223
438,CP,start,7287.472798109055
438,CP,end,7324.895145177841
439,LADMM,start,7324.9156329631805
439,LADMM,end,7325.233741044998
440,CP,start,7325.238799095154
440,CP,end,7331.912568092346
441,LADMM,start,7331.919060945511
441,LADMM,end,7332.245162963867
442,CP,start,7332.25061917305
442,CP,end,7341.6278331279755
443,LADMM,start,7341.636636018753
443,LADMM,end,7342.358145952225
444,CP,start,7342.363752126694
444,CP,end,7394.89866399765
445,LADMM,start,7394.927911043167
445,LADMM,end,7395.249083042145
446,CP,start,7395.2597670555115
446,CP,end,7412.445286989212
447,LADMM,start,7412.452692985535
447,LADMM,end,7412.52720117569
448,CP,start,7412.532253980637
448,CP,end,7422.142503976822
449,LADMM,start,7422.158195018768
449,LADMM,end,7422.662023067474
450,CP,start,7422.667083978653
450,CP,end,7434.892326116562
451,LADMM,start,7434.9126789569855
451,LADMM,end,7435.740643978119
452,CP,start,7435.744467020035
452,CP,end,7772.705291032791
453,LADMM,start,7772.727151155472
453,LADMM,end,7773.065049171448
454,CP,start,7773.070001125336
454,CP,end,7848.374009132385
455,LADMM,start,7848.395717144012
455,LADMM,end,7848.711595058441
456,CP,start,7848.716964960098
456,CP,end,7949.035372972488
457,LADMM,start,7949.045855998993
457,LADMM,end,7949.127252101898
458,CP,start,7949.131968021393
458,CP,end,7958.744059085846
459,LADMM,start,7958.75133395195
459,LADMM,end,7959.188416004181
460,CP,start,7959.193927049637
460,CP,end,7973.871515035629
461,LADMM,start,7973.891406059265
461,LADMM,end,7974.200124025345
462,CP,start,7974.205810070038
462,CP,end,8015.387269973755
463,LADMM,start,8015.393519163132
463,LADMM,end,8015.467657089233
464,CP,start,8015.472586154938
464,CP,end,8025.943565130234
465,LADMM,start,8025.955475091934
465,LADMM,end,8026.2657351493835
466,CP,start,8026.271461963654
466,CP,end,8103.258465051651
467,LADMM,start,8103.265005111694
467,LADMM,end,8103.607001066208
468,CP,start,8103.612487077713
468,CP,end,8176.15687417984
469,LADMM,start,8176.174929141998
469,LADMM,end,8176.508322954178
470,CP,start,8176.513688087463
470,CP,end,8202.695476055145
471,LADMM,start,8202.69965004921
471,LADMM,end,8202.791321992874
472,CP,start,8202.795322179794
472,CP,end,8213.934863090515
473,LADMM,start,8213.941796064377
473,LADMM,end,8214.750974178314
474,CP,start,8214.75507903099
474,CP,end,8230.112825155258
475,LADMM,start,8230.133531093597
475,LADMM,end,8230.452481985092
476,CP,start,8230.456853151321
476,CP,end,8343.546944141388
477,LADMM,start,8343.55169916153
477,LADMM,end,8343.912289142609
478,CP,start,8343.922639131546
478,CP,end,8486.33146905899
479,LADMM,start,8486.342195987701
479,LADMM,end,8486.702450990677
480,CP,start,8486.727159023285
480,CP,end,8685.314146995544
481,LADMM,start,8685.338205099106
481,LADMM,end,8686.885931968689
482,CP,start,8686.890716075897
482,CP,end,8732.761976003647
483,LADMM,start,8732.773308038712
483,LADMM,end,8733.089735984802
484,CP,start,8733.094251155853
484,CP,end,8866.015289068222
485,LADMM,start,8866.033843040466
485,LADMM,end,8866.360780000687
486,CP,start,8866.3666369915
486,CP,end,8939.569293022156
487,LADMM,start,8939.57445716858
487,LADMM,end,8939.678874015808
488,CP,start,8939.684381961823
488,CP,end,8945.285864114761
489,LADMM,start,8945.290904045105
489,LADMM,end,8945.332431077957
490,CP,start,8945.336903095245
490,CP,end,8950.48508810997
491,LADMM,start,8950.490025043488
491,LADMM,end,8950.54595208168
492,CP,start,8950.54990696907
492,CP,end,8957.349682092667
493,LADMM,start,8957.355792045593
493,LADMM,end,8957.476355075836
494,CP,start,8957.480991125107
494,CP,end,8971.216078996658
495,LADMM,start,8971.221477031708
495,LADMM,end,8971.329877138138
496,CP,start,8971.334417104721
496,CP,end,8973.55317902565
497,LADMM,start,8973.557187080383
497,LADMM,end,8973.66938996315
498,CP,start,8973.673501968384
498,CP,end,8981.180514097214
499,LADMM,start,8981.18533706665
499,LADMM,end,8981.286887168884
500,CP,start,8981.291064023972
500,CP,end,8989.290512084961
501,LADMM,start,8989.305119037628
501,LADMM,end,8989.42223906517
502,CP,start,8989.430905103683
502,CP,end,9000.050248146057
503,LADMM,start,9000.05552315712
503,LADMM,end,9000.188251972198
504,CP,start,9000.192125082016
504,CP,end,9023.940159082413
505,LADMM,start,9023.945723056793
505,LADMM,end,9024.090141057968
506,CP,start,9024.094730138779
506,CP,end,9033.508465051651
507,LADMM,start,9033.513266086578
507,LADMM,end,9033.649739027023
508,CP,start,9033.653853178024
508,CP,end,9046.414251089096
509,LADMM,start,9046.419746160507
509,LADMM,end,9046.566468000412
510,CP,start,9046.571110010147
510,CP,end,9057.236647129059
511,LADMM,start,9057.253844976425
511,LADMM,end,9057.391126155853
512,CP,start,9057.395596027374
512,CP,end,9069.628808021545
513,LADMM,start,9069.64433002472
513,LADMM,end,9069.99274301529
514,CP,start,9070.000404119492
514,CP,end,9089.359694004059
515,LADMM,start,9089.365530014038
515,LADMM,end,9089.508064031601
516,CP,start,9089.511993169785
516,CP,end,9100.46071600914
517,LADMM,start,9100.465945005417
517,LADMM,end,9100.61489200592
518,CP,start,9100.619415998459
518,CP,end,9117.137424945831
519,LADMM,start,9117.143079042435
519,LADMM,end,9117.298748970032
520,CP,start,9117.304730176926
520,CP,end,9131.344172000885
521,LADMM,start,9131.356122970581
521,LADMM,end,9131.502835988998
522,CP,start,9131.50703406334
522,CP,end,9144.0768699646
523,LADMM,start,9144.082452058792
523,LADMM,end,9144.234685182571
524,CP,start,9144.239103078842
524,CP,end,9158.37147116661
525,LADMM,start,9158.377148151398
525,LADMM,end,9158.539452075958
526,CP,start,9158.543715000153
526,CP,end,9172.996178150177
527,LADMM,start,9173.017569065094
527,LADMM,end,9173.166676998138
528,CP,start,9173.170626163483
528,CP,end,10800.306988954544
