iter,is_last,ub_relx,lb_relx,b_lower,n_states,stage
0,false,0.9413727556600543,0.5275922447852346,-0.4137805108748197,1138,2
1,false,0.9413723141770217,0.5275922447852346,-Inf,1139,2
2,false,0.9413681371412572,0.5275922447852346,-Inf,1140,2
3,false,0.9413654909289426,0.5275922447852346,-Inf,1141,2
0,false,0.9412551905939585,0.5275922447852346,-0.4471095451364432,2202,4
1,false,0.9412551905939585,0.5275922447852346,-Inf,2203,4
2,false,0.941252917440393,0.5275922447852346,-Inf,2204,4
3,false,0.9412506414120113,0.5275922447852346,-Inf,2205,4
0,false,0.9412345661554274,0.5275922447852346,-0.44693289503690486,1810,6
1,false,0.941234374030917,0.5275922447852346,-Inf,1811,6
2,false,0.9412339117041871,0.5275922447852346,-Inf,1812,6
3,false,0.9412334073990927,0.5275922447852346,-Inf,1813,6
0,false,0.9412060386864417,0.5275922447852346,-0.4466842297882355,1976,8
1,false,0.9412059883102022,0.5275922447852346,-Inf,1977,8
2,false,0.9412051759920471,0.5275922447852346,-Inf,1978,8
3,false,0.9412045969584761,0.5275922447852346,-Inf,1979,8
0,false,0.9411943277428343,0.5275922447852346,-0.4465328198424478,1903,10
1,false,0.9411940482249593,0.5275922447852346,-Inf,1904,10
2,false,0.9411937134513118,0.5275922447852346,-Inf,1905,10
3,false,0.9411935956977776,0.5275922447852346,-Inf,1906,10
0,false,0.9411854266248834,0.5275922447852346,-0.44661118448449943,1890,12
1,false,0.9411854266248834,0.5275922447852346,-Inf,1891,12
2,false,0.941185029052393,0.5275922447852346,-Inf,1892,12
3,false,0.9411848908946935,0.5275922447852346,-Inf,1893,12
0,false,0.9411790355038641,0.5275922447852346,-0.4466078240622794,2065,14
1,false,0.9411790355036175,0.5275922447852346,-Inf,2066,14
2,false,0.9411789076556548,0.5275922447852346,-Inf,2067,14
3,false,0.94117886799801,0.5275922447852346,-Inf,2068,14
0,false,0.9411779690424669,0.5275922447852346,-0.4464046546422435,1807,16
1,false,0.9411779686806272,0.5275922447852346,-Inf,1808,16
2,false,0.9411779514369812,0.5275922447852346,-Inf,1809,16
3,false,0.9411779090580944,0.5275922447852346,-Inf,1810,16
0,false,0.9411777024568343,0.5275922447852346,-0.44638986711302125,1965,18
1,false,0.9411777024568216,0.5275922447852346,-Inf,1966,18
2,false,0.9411776947617895,0.5275922447852346,-Inf,1967,18
3,false,0.9411776896091194,0.5275922447852346,-Inf,1968,18
0,false,0.9411775005764835,0.5275922447852346,-0.4464918810660634,1857,20
1,false,0.9411775005764835,0.5275922447852346,-Inf,1858,20
2,false,0.9411774900353835,0.5275922447852346,-Inf,1859,20
3,false,0.9411774723768185,0.5275922447852346,-Inf,1860,20
0,false,0.9411771462561294,0.5275922447852346,-0.4464043843699029,1911,22
1,false,0.9411771462561294,0.5275922447852346,-Inf,1912,22
2,false,0.9411771421374872,0.5275922447852346,-Inf,1913,22
3,false,0.9411771353395967,0.5275922447852346,-Inf,1914,22
0,false,0.9411770852917669,0.5275922447852346,-0.44641542773419235,2005,24
1,false,0.9411770852917669,0.5275922447852346,-Inf,2006,24
2,false,0.9411770794318274,0.5275922447852346,-Inf,2007,24
3,false,0.9411770794318274,0.5275922447852346,-Inf,2008,24
0,false,0.9411770442762201,0.5275922447852346,-0.44630351721414496,1936,26
1,false,0.94117704427622,0.5275922447852346,-Inf,1937,26
2,false,0.9411770412631764,0.5275922447852346,-Inf,1938,26
3,false,0.9411770381327618,0.5275922447852346,-Inf,1939,26
0,false,0.941176936851095,0.5275922447852346,-0.4463723205236477,2006,28
1,false,0.9411769322661679,0.5275922447852346,-Inf,2007,28
2,false,0.9411769302802915,0.5275922447852346,-Inf,2008,28
3,false,0.9411769273887927,0.5275922447852346,-Inf,2009,28
0,false,0.9411768401510128,0.5275922447852346,-0.44635154325489534,2051,30
1,false,0.9411768372102907,0.5275922447852346,-Inf,2052,30
0,false,0.9411768154775766,0.5275922447852346,-0.44629446954862384,1771,32
1,false,0.9411768154775766,0.5275922447852346,-Inf,1772,32
2,false,0.9411768143386877,0.5275922447852346,-Inf,1773,32
3,false,0.941176811475982,0.5275922447852346,-Inf,1774,32
0,false,0.9411767913928438,0.5275922447852346,-0.4462835288441506,1769,36
1,false,0.9411767913928438,0.5275922447852346,-Inf,1770,36
2,false,0.9411767895539136,0.5275922447852346,-Inf,1771,36
3,false,0.9411767862189486,0.5275922447852346,-Inf,1772,36
0,false,0.9411767608862797,0.5275922447852346,-0.44632246264298503,1961,38
1,false,0.9411767608862797,0.5275922447852346,-Inf,1962,38
2,false,0.9411767562422803,0.5275922447852346,-Inf,1963,38
3,false,0.9411767562422803,0.5275922447852346,-Inf,1964,38
0,false,0.9411767213238948,0.5275922447852346,-0.44587205132333835,1894,40
1,false,0.9411767213238948,0.5275922447852346,-Inf,1895,40
2,false,0.9411767185514113,0.5275922447852346,-Inf,1896,40
3,false,0.9411767185514113,0.5275922447852346,-Inf,1897,40
0,false,0.9411767062875316,0.5275922447852346,-0.44616219479286684,2014,42
0,false,0.9411767040232121,0.5275922447852346,-0.44584559215233277,1914,44
1,false,0.9411767039303292,0.5275922447852346,-Inf,1915,44
0,false,0.9411767014395768,0.5275922447852346,-0.44606564357287015,1897,46
1,false,0.9411767006758595,0.5275922447852346,-Inf,1898,46
2,false,0.9411767006758595,0.5275922447852346,-Inf,1899,46
3,false,0.9411767006758595,0.5275922447852346,-Inf,1900,46
0,false,0.9411766988281756,0.5275922447852346,-0.44602285601410974,1880,48
1,false,0.9411766988281756,0.5275922447852346,-Inf,1881,48
2,false,0.9411766969484586,0.5275922447852346,-Inf,1882,48
3,false,0.9411766963440532,0.5275922447852346,-Inf,1883,48
0,false,0.9411766852528521,0.5275922447852346,-0.44596477657944833,1960,50
1,false,0.9411766665453201,0.5275922447852346,-Inf,1961,50
0,true,0.941176619875095,0.6591597848378354,-0.2820168350372596,1746,58
1,true,0.941176619875095,0.6591597848378354,-0.7065945980477333,1747,58
2,true,0.9411766178738654,0.6591597848378354,-0.6366600589923629,1748,58
