iter,is_last,ub_relx,lb_relx,b_lower,n_states
0,false,0.9999999999999999,-Inf,-Inf,1106
1,false,1.0000000000000009,-Inf,-Inf,1107
2,false,1.0000000000000002,-Inf,-Inf,1108
3,false,1.0000000000000002,-Inf,-Inf,1109
4,false,1.0,-Inf,-Inf,1110
5,false,1.0,-Inf,-Inf,1111
6,false,1.0000000000000002,-Inf,-Inf,1112
7,false,1.0,-Inf,-Inf,1113
8,false,1.0,-Inf,-Inf,1114
9,false,1.0,-Inf,-Inf,1115
10,false,1.0,-Inf,-Inf,1116
11,false,1.0,-Inf,-Inf,1117
12,false,1.0000000000000002,-Inf,-Inf,1118
13,false,0.9999999999999999,-Inf,-Inf,1119
14,false,0.9999999999999998,-Inf,-Inf,1120
15,false,1.0000000000000002,-Inf,-Inf,1121
16,false,1.0,-Inf,-Inf,1122
17,false,1.0,-Inf,-Inf,1123
18,false,0.9999999999999998,-Inf,-Inf,1124
19,false,0.9999999999999999,-Inf,-Inf,1125
20,false,1.0000000000000004,-Inf,-Inf,1126
21,false,0.9999999999999998,-Inf,-Inf,1127
22,false,1.0,-Inf,-Inf,1128
23,false,0.9999999999999996,-Inf,-Inf,1129
24,false,1.0000000000000002,-Inf,-Inf,1130
25,false,1.0,-Inf,-Inf,1131
26,false,1.0,-Inf,-Inf,1132
27,false,1.0000000000000002,-Inf,-Inf,1133
28,false,0.9999999999999998,-Inf,-Inf,1134
29,false,1.0,-Inf,-Inf,1135
30,false,0.9999999999999991,-Inf,-Inf,1136
31,false,0.9999999999913487,-Inf,-Inf,1137
32,false,0.9999999999752021,-Inf,-Inf,1138
33,false,0.9999999999850337,-Inf,-Inf,1139
34,false,0.9999999999764416,-Inf,-Inf,1140
35,false,1.00000000033963,-Inf,-Inf,1141
36,false,0.9999999999859046,-Inf,-Inf,1142
37,false,1.0000000009783558,-Inf,-Inf,1143
38,false,0.9999999999953011,-Inf,-Inf,1144
39,false,0.9999999999733277,-Inf,-Inf,1145
40,false,0.9999999999765591,-Inf,-Inf,1146
41,false,0.9999999998479916,-Inf,-Inf,1147
42,false,0.9999999999221021,-Inf,-Inf,1148
43,false,0.9999999997056708,-Inf,-Inf,1149
44,false,1.000000000000113,-Inf,-Inf,1150
45,false,1.0000000000685736,-Inf,-Inf,1151
46,false,0.9999999999898377,-Inf,-Inf,1152
47,false,1.0000000005362735,-Inf,-Inf,1153
48,false,0.9999999999606526,-Inf,-Inf,1154
49,false,0.9999999999990716,-Inf,-Inf,1155
50,false,0.9999999998428201,-Inf,-Inf,1156
51,false,1.0000000001642944,-Inf,-Inf,1157
52,false,0.9999999996397807,-Inf,-Inf,1158
53,false,0.9999999989338306,-Inf,-Inf,1159
54,false,0.9999999998565758,-Inf,-Inf,1160
55,false,0.9999999999977425,-Inf,-Inf,1161
56,false,0.9999999999990858,-Inf,-Inf,1162
57,false,0.9999999999762983,-Inf,-Inf,1163
58,false,1.0000000000061409,-Inf,-Inf,1164
59,false,0.9999999989432478,-Inf,-Inf,1165
60,false,0.9999999999304503,-Inf,-Inf,1166
61,false,0.9999999985029208,-Inf,-Inf,1167
62,false,0.9999999997691033,-Inf,-Inf,1168
63,false,0.9999999999867266,-Inf,-Inf,1169
64,false,0.9999999980467866,-Inf,-Inf,1170
65,false,0.9999999999973653,-Inf,-Inf,1171
66,false,1.0000000000859606,-Inf,-Inf,1172
67,false,0.9999999999992462,-Inf,-Inf,1173
68,false,1.0000000000743177,-Inf,-Inf,1174
69,false,0.9999999999919045,-Inf,-Inf,1175
70,false,1.0000000000474822,-Inf,-Inf,1176
71,false,1.0000000000068143,-Inf,-Inf,1177
72,false,0.999999999992154,-Inf,-Inf,1178
73,false,0.999999999959811,-Inf,-Inf,1179
74,false,0.9999999999753953,-Inf,-Inf,1180
75,false,1.000000000035648,-Inf,-Inf,1181
76,false,1.0000000000237113,-Inf,-Inf,1182
77,false,0.9999999999981934,-Inf,-Inf,1183
78,false,0.9999999999330227,-Inf,-Inf,1184
79,false,0.9999999999874831,-Inf,-Inf,1185
80,false,1.0000000000219091,-Inf,-Inf,1186
81,false,0.9999999998741038,-Inf,-Inf,1187
82,false,0.9999999998562221,-Inf,-Inf,1188
83,false,0.9999999999422068,-Inf,-Inf,1189
84,false,0.9999999983440505,-Inf,-Inf,1190
85,false,0.9999999999183069,-Inf,-Inf,1191
86,false,1.000000000023633,-Inf,-Inf,1192
87,false,0.9999999999979771,-Inf,-Inf,1193
88,false,0.9999999998970762,-Inf,-Inf,1194
89,false,0.9999999993650539,-Inf,-Inf,1195
90,false,0.9999999997107907,-Inf,-Inf,1196
91,false,0.9999999997199012,-Inf,-Inf,1197
92,false,0.9999999993028899,-Inf,-Inf,1198
93,false,0.9999999995546204,-Inf,-Inf,1199
94,false,0.9999999998200388,-Inf,-Inf,1200
95,false,0.9999999999993715,-Inf,-Inf,1201
96,false,0.9999999997457504,-Inf,-Inf,1202
97,false,0.9999999999992369,-Inf,-Inf,1203
98,false,0.9999999999986491,-Inf,-Inf,1204
99,false,0.9999999999986985,-Inf,-Inf,1205
100,false,0.9999999988640662,-Inf,-Inf,1206
101,false,0.9999999997455076,-Inf,-Inf,1207
102,false,0.9999999997416577,-Inf,-Inf,1208
103,false,0.9999999996904915,-Inf,-Inf,1209
104,false,0.9999999997854413,-Inf,-Inf,1210
105,false,0.999999999705033,-Inf,-Inf,1211
106,false,0.9999999989607283,-Inf,-Inf,1212
107,false,0.9999999990547155,-Inf,-Inf,1213
108,false,0.99999999908992,-Inf,-Inf,1214
109,false,0.9999999978571328,-Inf,-Inf,1215
110,false,0.9999999997099123,-Inf,-Inf,1216
111,false,0.9999999999935695,-Inf,-Inf,1217
112,false,0.9999999996928289,-Inf,-Inf,1218
113,false,0.9999999995830722,-Inf,-Inf,1219
114,false,0.9999999996850345,-Inf,-Inf,1220
115,false,0.9999999999946081,-Inf,-Inf,1221
116,false,0.9999999963662419,-Inf,-Inf,1222
117,false,0.9999999998845905,-Inf,-Inf,1223
118,false,0.9999999998881762,-Inf,-Inf,1224
119,false,0.9999999998968269,-Inf,-Inf,1225
120,false,0.9999999992537262,-Inf,-Inf,1226
121,false,0.9999999999964471,-Inf,-Inf,1227
122,false,0.9999999999951037,-Inf,-Inf,1228
123,false,0.9999999999982714,-Inf,-Inf,1229
124,false,0.9999999999986592,-Inf,-Inf,1230
125,false,0.9999999990904898,-Inf,-Inf,1231
126,false,0.9999999969862126,-Inf,-Inf,1232
127,false,0.9999999937413142,-Inf,-Inf,1233
128,false,0.9999999915938317,-Inf,-Inf,1234
129,false,0.9999999969947264,-Inf,-Inf,1235
130,false,0.9999999996350251,-Inf,-Inf,1236
131,false,0.9999999999830665,-Inf,-Inf,1237
132,false,0.9999999999867557,-Inf,-Inf,1238
133,false,0.9999999997915088,-Inf,-Inf,1239
134,false,0.9999999980312859,-Inf,-Inf,1240
135,false,0.9999999996215423,-Inf,-Inf,1241
136,false,0.9999999910446107,-Inf,-Inf,1242
137,false,0.9999999999686172,-Inf,-Inf,1243
138,false,0.9999999999173559,-Inf,-Inf,1244
139,false,0.9999999998150286,-Inf,-Inf,1245
140,false,0.9999999996284934,-Inf,-Inf,1246
141,false,0.9999999994392013,-Inf,-Inf,1247
142,false,0.9999999999994093,-Inf,-Inf,1248
143,false,0.9999999999982053,-Inf,-Inf,1249
144,false,0.9999999996649561,-Inf,-Inf,1250
145,false,0.9999999998055833,-Inf,-Inf,1251
146,false,0.9999999998566127,-Inf,-Inf,1252
147,false,0.9999999981004928,-Inf,-Inf,1253
148,false,0.9999999997994438,-Inf,-Inf,1254
149,false,0.9999999987112638,-Inf,-Inf,1255
150,false,0.9999999968085184,-Inf,-Inf,1256
151,false,0.9999999995434663,-Inf,-Inf,1257
152,false,0.9999999991736439,-Inf,-Inf,1258
153,false,0.9999999999934768,-Inf,-Inf,1259
154,false,0.9999999969412176,-Inf,-Inf,1260
155,false,0.9999999982994298,-Inf,-Inf,1261
156,false,0.9999999952029633,-Inf,-Inf,1262
157,false,0.9999999999962846,-Inf,-Inf,1263
158,false,0.999999999996023,-Inf,-Inf,1264
159,false,0.9999999999456948,-Inf,-Inf,1265
160,false,0.9999999935573874,-Inf,-Inf,1266
161,false,0.9999999995814559,-Inf,-Inf,1267
162,false,0.999999999867327,-Inf,-Inf,1268
163,false,0.9999999989805199,-Inf,-Inf,1269
164,false,0.9999999961668911,-Inf,-Inf,1270
165,false,0.9999999954310614,-Inf,-Inf,1271
166,false,0.9999999971460436,-Inf,-Inf,1272
167,false,0.9999999932504687,-Inf,-Inf,1273
168,false,0.9999999939906279,-Inf,-Inf,1274
169,false,0.9999999965596301,-Inf,-Inf,1275
170,false,0.9999999999658822,-Inf,-Inf,1276
171,false,0.9999999937917439,-Inf,-Inf,1277
172,false,0.9999999866745388,-Inf,-Inf,1278
173,false,0.9999999945320652,-Inf,-Inf,1279
174,false,0.9999999959393372,-Inf,-Inf,1280
175,false,0.9999999961605988,-Inf,-Inf,1281
176,false,0.9999999986527406,-Inf,-Inf,1282
177,false,0.9999999954784455,-Inf,-Inf,1283
178,false,0.9999999977001779,-Inf,-Inf,1284
179,false,0.9999999953200536,-Inf,-Inf,1285
180,false,0.9999999988850354,-Inf,-Inf,1286
181,false,0.9999999999989844,-Inf,-Inf,1287
182,false,0.9999999903399333,-Inf,-Inf,1288
183,false,0.9999999999655012,-Inf,-Inf,1289
184,false,0.9999999999976839,-Inf,-Inf,1290
185,false,0.9999999999853507,-Inf,-Inf,1291
186,false,0.9999999967397483,-Inf,-Inf,1292
187,false,0.9999999922617303,-Inf,-Inf,1293
188,false,0.9999999839815995,-Inf,-Inf,1294
189,false,0.9999999996627381,-Inf,-Inf,1295
190,false,0.9999999910006327,-Inf,-Inf,1296
191,false,0.9999999989603305,-Inf,-Inf,1297
192,false,0.99999999739191,-Inf,-Inf,1298
193,false,0.9999999991390536,-Inf,-Inf,1299
194,false,0.9999999970914124,-Inf,-Inf,1300
195,false,0.9999999999972127,-Inf,-Inf,1301
196,false,0.9999999992737498,-Inf,-Inf,1302
197,false,0.9999999996901443,-Inf,-Inf,1303
198,false,0.9999999995847934,-Inf,-Inf,1304
199,false,0.9999999987279472,-Inf,-Inf,1305
200,false,0.9999999999958769,-Inf,-Inf,1306
201,false,0.9999999995973267,-Inf,-Inf,1307
202,false,0.9999999981917371,-Inf,-Inf,1308
203,false,0.9999999871313914,-Inf,-Inf,1309
204,false,0.999999998938367,-Inf,-Inf,1310
205,false,0.9999999845231531,-Inf,-Inf,1311
206,false,0.9999999905412242,-Inf,-Inf,1312
207,false,0.9999999999949402,-Inf,-Inf,1313
208,false,0.9999999998579551,-Inf,-Inf,1314
209,false,0.9999999949370015,-Inf,-Inf,1315
210,false,0.999999999931526,-Inf,-Inf,1316
211,false,0.9999999999894893,-Inf,-Inf,1317
212,false,0.9999999999892111,-Inf,-Inf,1318
213,false,0.9999999999637263,-Inf,-Inf,1319
214,false,1.0000000000097382,-Inf,-Inf,1320
215,false,0.9999999999936566,-Inf,-Inf,1321
216,false,1.0000000000003764,-Inf,-Inf,1322
217,false,0.9999999995557964,-Inf,-Inf,1323
218,false,1.0000000000116822,-Inf,-Inf,1324
219,false,1.000000000015712,-Inf,-Inf,1325
220,false,0.9999999999296751,-Inf,-Inf,1326
221,false,0.9999999860725857,-Inf,-Inf,1327
222,false,0.9999999999167837,-Inf,-Inf,1328
223,false,0.9999999978052293,-Inf,-Inf,1329
224,false,0.9999999999859359,-Inf,-Inf,1330
225,false,0.9999999960939974,-Inf,-Inf,1331
226,false,0.9999999923749763,-Inf,-Inf,1332
227,false,0.9999999919618934,-Inf,-Inf,1333
228,false,0.9999999964129538,-Inf,-Inf,1334
229,false,0.9999999980142182,-Inf,-Inf,1335
230,false,0.9999999972932594,-Inf,-Inf,1336
231,false,0.9999999996507807,-Inf,-Inf,1337
232,false,0.9999999990433053,-Inf,-Inf,1338
233,false,0.9999999978879739,-Inf,-Inf,1339
234,false,0.9965097855201414,-Inf,-Inf,1340
235,false,0.9956749287858766,-Inf,-Inf,1341
236,false,0.9952757311125875,-Inf,-Inf,1342
237,false,0.9949878578810637,-Inf,-Inf,1343
238,false,0.994800585420927,-Inf,-Inf,1344
239,false,0.9946800813861583,-Inf,-Inf,1345
240,false,0.9945383487787747,-Inf,-Inf,1346
241,false,0.9943026820663301,-Inf,-Inf,1347
242,false,0.9940093166482867,-Inf,-Inf,1348
243,false,0.9937685318100561,-Inf,-Inf,1349
244,false,0.9936110361275293,-Inf,-Inf,1350
245,false,0.9935037004507901,-Inf,-Inf,1351
246,false,0.9933167212692356,-Inf,-Inf,1352
247,false,0.9932514205084031,-Inf,-Inf,1353
248,false,0.9931446162881896,-Inf,-Inf,1354
249,false,0.9930742312561565,-Inf,-Inf,1355
250,false,0.9929412649776365,-Inf,-Inf,1356
251,false,0.9928569888942506,-Inf,-Inf,1357
252,false,0.9927237646197817,-Inf,-Inf,1358
253,false,0.992636858284585,-Inf,-Inf,1359
254,false,0.9925868013600427,-Inf,-Inf,1360
255,false,0.9924769428276612,-Inf,-Inf,1361
256,false,0.9923874818681973,-Inf,-Inf,1362
257,false,0.9919768189232795,-Inf,-Inf,1363
258,false,0.9918131589285424,-Inf,-Inf,1364
259,false,0.9915947890403919,-Inf,-Inf,1365
260,false,0.9914527677841944,-Inf,-Inf,1366
261,false,0.991286363841242,-Inf,-Inf,1367
262,false,0.9911697068031511,-Inf,-Inf,1368
263,false,0.9910316142304377,-Inf,-Inf,1369
264,false,0.9909220873563193,-Inf,-Inf,1370
265,false,0.990773820240897,-Inf,-Inf,1371
266,false,0.9904901335353297,-Inf,-Inf,1372
267,false,0.9903596182235596,-Inf,-Inf,1373
268,false,0.9900705634584009,-Inf,-Inf,1374
269,false,0.9899684764726017,-Inf,-Inf,1375
270,false,0.9897666806209351,-Inf,-Inf,1376
271,false,0.9895944684121294,-Inf,-Inf,1377
272,false,0.9894856187242219,-Inf,-Inf,1378
273,false,0.9893347509705712,-Inf,-Inf,1379
274,false,0.9892411885486787,-Inf,-Inf,1380
275,false,0.9891602013933878,-Inf,-Inf,1381
276,false,0.9890893212361349,-Inf,-Inf,1382
277,false,0.9890271498311712,-Inf,-Inf,1383
278,false,0.9889412752563975,-Inf,-Inf,1384
279,false,0.9888846442271902,-Inf,-Inf,1385
280,false,0.9888271875294713,-Inf,-Inf,1386
281,false,0.9886579834579323,-Inf,-Inf,1387
282,false,0.9885761864731244,-Inf,-Inf,1388
283,false,0.9885315889538929,-Inf,-Inf,1389
284,false,0.9884682861679466,-Inf,-Inf,1390
285,false,0.9884015380942663,-Inf,-Inf,1391
286,false,0.9883256359693702,-Inf,-Inf,1392
287,false,0.98823772643166,-Inf,-Inf,1393
288,false,0.9880561356996357,-Inf,-Inf,1394
289,false,0.9878877542767033,-Inf,-Inf,1395
290,false,0.9878212172702272,-Inf,-Inf,1396
291,false,0.9877585446775986,-Inf,-Inf,1397
292,false,0.9876375283374141,-Inf,-Inf,1398
293,false,0.9874022992083544,-Inf,-Inf,1399
294,false,0.987271267193997,-Inf,-Inf,1400
295,false,0.9871205393857654,-Inf,-Inf,1401
296,false,0.9870587684360462,-Inf,-Inf,1402
297,false,0.9869750776312196,-Inf,-Inf,1403
298,false,0.9868495236690331,-Inf,-Inf,1404
299,false,0.9866939085002231,-Inf,-Inf,1405
300,false,0.9866290790381362,-Inf,-Inf,1406
301,false,0.9864735625772575,-Inf,-Inf,1407
302,false,0.9863728865366577,-Inf,-Inf,1408
303,false,0.9863163367315679,-Inf,-Inf,1409
304,false,0.9861821418439782,-Inf,-Inf,1410
305,false,0.9860277720912094,-Inf,-Inf,1411
306,false,0.9858444793102099,-Inf,-Inf,1412
307,false,0.9857343818712422,-Inf,-Inf,1413
308,false,0.985502087230467,-Inf,-Inf,1414
309,false,0.9853355924020439,-Inf,-Inf,1415
310,false,0.985301172927298,-Inf,-Inf,1416
311,false,0.9852729306281518,-Inf,-Inf,1417
312,false,0.9851125743633267,-Inf,-Inf,1418
313,false,0.9850022609476385,-Inf,-Inf,1419
314,false,0.9849427561767533,-Inf,-Inf,1420
315,false,0.9848000860696309,-Inf,-Inf,1421
316,false,0.9846365507779329,-Inf,-Inf,1422
317,false,0.9845581731991394,-Inf,-Inf,1423
318,false,0.9844916153925586,-Inf,-Inf,1424
319,false,0.9843891270253684,-Inf,-Inf,1425
320,false,0.9843042036949179,-Inf,-Inf,1426
321,false,0.9842097451627309,-Inf,-Inf,1427
322,false,0.984051299590696,-Inf,-Inf,1428
323,false,0.9840041375086677,-Inf,-Inf,1429
324,false,0.9839321925248617,-Inf,-Inf,1430
325,false,0.9838337355022228,-Inf,-Inf,1431
326,false,0.983739251038868,-Inf,-Inf,1432
327,false,0.9836756035511918,-Inf,-Inf,1433
328,false,0.9836171535209717,-Inf,-Inf,1434
329,false,0.983555931711484,-Inf,-Inf,1435
330,false,0.9834842735500766,-Inf,-Inf,1436
331,false,0.9834080350836419,-Inf,-Inf,1437
332,false,0.9833084695120309,-Inf,-Inf,1438
333,false,0.9831554062231634,-Inf,-Inf,1439
334,false,0.9830422815415663,-Inf,-Inf,1440
335,false,0.982966042964377,-Inf,-Inf,1441
336,false,0.9828798741263345,-Inf,-Inf,1442
337,false,0.9827720398100426,-Inf,-Inf,1443
338,false,0.9826664547217131,-Inf,-Inf,1444
339,false,0.98261853951032,-Inf,-Inf,1445
340,false,0.9825823953631379,-Inf,-Inf,1446
341,false,0.9824917567737047,-Inf,-Inf,1447
342,false,0.9823846228148816,-Inf,-Inf,1448
343,false,0.9822663253989589,-Inf,-Inf,1449
344,false,0.9821970193156545,-Inf,-Inf,1450
345,false,0.9821394512874605,-Inf,-Inf,1451
346,false,0.9820453012088685,-Inf,-Inf,1452
347,false,0.9819290878995618,-Inf,-Inf,1453
348,false,0.9818807859891447,-Inf,-Inf,1454
349,false,0.9817660822534923,-Inf,-Inf,1455
350,false,0.9816489224443359,-Inf,-Inf,1456
351,false,0.9815930625534128,-Inf,-Inf,1457
352,false,0.9815097669568986,-Inf,-Inf,1458
353,false,0.9814583480677341,-Inf,-Inf,1459
354,false,0.9813860653930557,-Inf,-Inf,1460
355,false,0.9812976688710828,-Inf,-Inf,1461
356,false,0.9812076660200548,-Inf,-Inf,1462
357,false,0.9811650794084256,-Inf,-Inf,1463
358,false,0.9810773640682591,-Inf,-Inf,1464
359,false,0.9810159854810636,-Inf,-Inf,1465
360,false,0.9809242198663832,-Inf,-Inf,1466
361,false,0.9808099077250756,-Inf,-Inf,1467
362,false,0.9807708279593261,-Inf,-Inf,1468
363,false,0.9807124968774065,-Inf,-Inf,1469
364,false,0.9806551556501035,-Inf,-Inf,1470
365,false,0.9805966437653766,-Inf,-Inf,1471
366,false,0.980567233697219,-Inf,-Inf,1472
367,false,0.9804154268781332,-Inf,-Inf,1473
368,false,0.9802832144660101,-Inf,-Inf,1474
369,false,0.9801797693528922,-Inf,-Inf,1475
370,false,0.9800624053390086,-Inf,-Inf,1476
371,false,0.9800085690470735,-Inf,-Inf,1477
372,false,0.9798492258227129,-Inf,-Inf,1478
373,false,0.9797728711491045,-Inf,-Inf,1479
374,false,0.9797028194786245,-Inf,-Inf,1480
375,false,0.9796142405320816,-Inf,-Inf,1481
376,false,0.9795884341040836,-Inf,-Inf,1482
377,false,0.9794998692458913,-Inf,-Inf,1483
378,false,0.9793171794737632,-Inf,-Inf,1484
379,false,0.9791821231768627,-Inf,-Inf,1485
380,false,0.9790735102475404,-Inf,-Inf,1486
381,false,0.9789587515357138,-Inf,-Inf,1487
382,false,0.9788968278925083,-Inf,-Inf,1488
383,false,0.9788132637886013,-Inf,-Inf,1489
384,false,0.9787331107337716,-Inf,-Inf,1490
385,false,0.9786339780496887,-Inf,-Inf,1491
386,false,0.9785783728313318,-Inf,-Inf,1492
387,false,0.9785168664173591,-Inf,-Inf,1493
388,false,0.9784162967200727,-Inf,-Inf,1494
389,false,0.9783292022780861,-Inf,-Inf,1495
390,false,0.9782796338693807,-Inf,-Inf,1496
391,false,0.9781962217293408,-Inf,-Inf,1497
392,false,0.9781329023455885,-Inf,-Inf,1498
393,false,0.978060494989764,-Inf,-Inf,1499
394,false,0.9780024259395755,-Inf,-Inf,1500
395,false,0.9778995356366145,-Inf,-Inf,1501
396,false,0.9778244489016819,-Inf,-Inf,1502
397,false,0.9777401428055362,-Inf,-Inf,1503
398,false,0.9777108792548546,-Inf,-Inf,1504
399,false,0.9776578874221056,-Inf,-Inf,1505
400,false,0.9775717338342155,-Inf,-Inf,1506
401,false,0.9774590877847233,-Inf,-Inf,1507
402,false,0.9773580305531984,-Inf,-Inf,1508
403,false,0.9771902833358191,-Inf,-Inf,1509
404,false,0.9771049650868645,-Inf,-Inf,1510
405,false,0.9769764827005747,-Inf,-Inf,1511
406,false,0.9768927911924181,-Inf,-Inf,1512
407,false,0.9768318299307195,-Inf,-Inf,1513
408,false,0.97681026522653,-Inf,-Inf,1514
409,false,0.9767303925226122,-Inf,-Inf,1515
410,false,0.9766637784450133,-Inf,-Inf,1516
411,false,0.9766479661196724,-Inf,-Inf,1517
412,false,0.9765586372192016,-Inf,-Inf,1518
413,false,0.9765118275231085,-Inf,-Inf,1519
414,false,0.9763657505859629,-Inf,-Inf,1520
415,false,0.9762942563713227,-Inf,-Inf,1521
416,false,0.976238264925916,-Inf,-Inf,1522
417,false,0.9761811795630007,-Inf,-Inf,1523
418,false,0.9761299259478303,-Inf,-Inf,1524
419,false,0.9761145686202406,-Inf,-Inf,1525
420,false,0.9760897381815632,-Inf,-Inf,1526
421,false,0.9759887463784951,-Inf,-Inf,1527
422,false,0.9759012515372966,-Inf,-Inf,1528
423,false,0.975864772124049,-Inf,-Inf,1529
424,false,0.975825562321446,-Inf,-Inf,1530
425,false,0.9757695616884969,-Inf,-Inf,1531
426,false,0.975729247304133,-Inf,-Inf,1532
427,false,0.9756397002809638,-Inf,-Inf,1533
428,false,0.9755705413836391,-Inf,-Inf,1534
429,false,0.9754884176670954,-Inf,-Inf,1535
430,false,0.9754014236582802,-Inf,-Inf,1536
431,false,0.975376810584552,-Inf,-Inf,1537
432,false,0.9753143641487955,-Inf,-Inf,1538
433,false,0.9752629857860948,-Inf,-Inf,1539
434,false,0.9751626450583627,-Inf,-Inf,1540
435,false,0.9751227847662363,-Inf,-Inf,1541
436,false,0.9750962644438991,-Inf,-Inf,1542
437,false,0.9750513399409431,-Inf,-Inf,1543
438,false,0.9750228633192475,-Inf,-Inf,1544
439,false,0.97496540167193,-Inf,-Inf,1545
440,false,0.9749164045600348,-Inf,-Inf,1546
441,false,0.9748144758736867,-Inf,-Inf,1547
442,false,0.9747297519230138,-Inf,-Inf,1548
443,false,0.9746645348353007,-Inf,-Inf,1549
444,false,0.9746083605673269,-Inf,-Inf,1550
445,false,0.9745882620833403,-Inf,-Inf,1551
446,false,0.9745024478305968,-Inf,-Inf,1552
447,false,0.9744672836635181,-Inf,-Inf,1553
448,false,0.9744074444420943,-Inf,-Inf,1554
449,false,0.9743682715101727,-Inf,-Inf,1555
450,false,0.9743260758197221,-Inf,-Inf,1556
451,false,0.9742562991047734,-Inf,-Inf,1557
452,false,0.9742115205923574,-Inf,-Inf,1558
453,false,0.974163639058457,-Inf,-Inf,1559
454,false,0.974115641492853,-Inf,-Inf,1560
455,false,0.9740780654477567,-Inf,-Inf,1561
456,false,0.9740444484034081,-Inf,-Inf,1562
457,false,0.9740230574702547,-Inf,-Inf,1563
458,false,0.9739902284581148,-Inf,-Inf,1564
459,false,0.9739417268756996,-Inf,-Inf,1565
460,false,0.9739092005446688,-Inf,-Inf,1566
461,false,0.9738812630113673,-Inf,-Inf,1567
462,false,0.9738446754316333,-Inf,-Inf,1568
463,false,0.9737991083879112,-Inf,-Inf,1569
464,false,0.9737738208050872,-Inf,-Inf,1570
465,false,0.9737407133262498,-Inf,-Inf,1571
466,false,0.9737306125387006,-Inf,-Inf,1572
467,false,0.9737139792131282,-Inf,-Inf,1573
468,false,0.973691451835994,-Inf,-Inf,1574
469,false,0.9736712965538274,-Inf,-Inf,1575
470,false,0.9736567455125744,-Inf,-Inf,1576
471,false,0.9736234081785063,-Inf,-Inf,1577
472,false,0.9735939534954164,-Inf,-Inf,1578
473,false,0.9735769004148549,-Inf,-Inf,1579
474,false,0.9735594757203075,-Inf,-Inf,1580
475,false,0.973531899439873,-Inf,-Inf,1581
476,false,0.9735161861638473,-Inf,-Inf,1582
477,false,0.9734669097786091,-Inf,-Inf,1583
478,false,0.9734233808796823,-Inf,-Inf,1584
479,false,0.9733999159807831,-Inf,-Inf,1585
480,false,0.9733443516257597,-Inf,-Inf,1586
481,false,0.9732745127383652,-Inf,-Inf,1587
482,false,0.9732664987663222,-Inf,-Inf,1588
483,false,0.9732085066787296,-Inf,-Inf,1589
484,false,0.9731791428911045,-Inf,-Inf,1590
485,false,0.973171251236045,-Inf,-Inf,1591
486,false,0.9731332559965606,-Inf,-Inf,1592
487,false,0.9730845222249116,-Inf,-Inf,1593
488,false,0.9730134050810655,-Inf,-Inf,1594
489,false,0.9729866948156203,-Inf,-Inf,1595
490,false,0.9729566410786505,-Inf,-Inf,1596
491,false,0.972902154206342,-Inf,-Inf,1597
492,false,0.9728236212292778,-Inf,-Inf,1598
493,false,0.972788182527319,-Inf,-Inf,1599
494,false,0.9727747784979442,-Inf,-Inf,1600
495,false,0.9727333538505758,-Inf,-Inf,1601
496,false,0.9726886661285961,-Inf,-Inf,1602
497,false,0.9726436000229071,-Inf,-Inf,1603
498,false,0.9726249961140677,-Inf,-Inf,1604
499,false,0.9726014171454384,-Inf,-Inf,1605
500,false,0.9725394788583848,-Inf,-Inf,1606
501,false,0.9724637685658295,-Inf,-Inf,1607
502,false,0.9724135985754826,-Inf,-Inf,1608
503,false,0.9723942019606135,-Inf,-Inf,1609
504,false,0.9723673278913026,-Inf,-Inf,1610
505,false,0.972352536868729,-Inf,-Inf,1611
506,false,0.972302593757957,-Inf,-Inf,1612
507,false,0.9722710884712812,-Inf,-Inf,1613
508,false,0.9722335443479919,-Inf,-Inf,1614
509,false,0.9721921306408687,-Inf,-Inf,1615
510,false,0.9721601532883242,-Inf,-Inf,1616
511,false,0.9721276145900823,-Inf,-Inf,1617
512,false,0.9721026216946103,-Inf,-Inf,1618
513,false,0.9720875129164908,-Inf,-Inf,1619
514,false,0.9720617757361087,-Inf,-Inf,1620
515,false,0.9720288006321726,-Inf,-Inf,1621
516,false,0.9719980765306879,-Inf,-Inf,1622
517,false,0.9719704929810156,-Inf,-Inf,1623
518,false,0.9719451086413131,-Inf,-Inf,1624
519,false,0.9718843330146955,-Inf,-Inf,1625
520,false,0.9718373469292321,-Inf,-Inf,1626
521,false,0.9717944804037073,-Inf,-Inf,1627
522,false,0.9717412294112835,-Inf,-Inf,1628
523,false,0.9716916786988646,-Inf,-Inf,1629
524,false,0.9716632914159375,-Inf,-Inf,1630
525,false,0.9716356884280273,-Inf,-Inf,1631
526,false,0.9716197724896847,-Inf,-Inf,1632
527,false,0.9715796448708529,-Inf,-Inf,1633
528,false,0.9715456656019625,-Inf,-Inf,1634
529,false,0.9715272733612393,-Inf,-Inf,1635
530,false,0.9714882033750594,-Inf,-Inf,1636
531,false,0.971464082921583,-Inf,-Inf,1637
532,false,0.9714361077206777,-Inf,-Inf,1638
533,false,0.9714218009611671,-Inf,-Inf,1639
534,false,0.9713927603715049,-Inf,-Inf,1640
535,false,0.971376618331629,-Inf,-Inf,1641
536,false,0.9713455792856875,-Inf,-Inf,1642
537,false,0.9713083616702007,-Inf,-Inf,1643
538,false,0.9712828472063226,-Inf,-Inf,1644
539,false,0.971259007111765,-Inf,-Inf,1645
540,false,0.9712358418329112,-Inf,-Inf,1646
541,false,0.9712068300922465,-Inf,-Inf,1647
542,false,0.971155902570406,-Inf,-Inf,1648
543,false,0.9711107454105765,-Inf,-Inf,1649
544,false,0.9710767657019745,-Inf,-Inf,1650
545,false,0.9710439352695712,-Inf,-Inf,1651
546,false,0.9710167523328885,-Inf,-Inf,1652
547,false,0.9709720081577706,-Inf,-Inf,1653
548,false,0.9709311573019955,-Inf,-Inf,1654
549,false,0.9709041063456885,-Inf,-Inf,1655
550,false,0.9708733657921429,-Inf,-Inf,1656
551,false,0.9708478480143227,-Inf,-Inf,1657
552,false,0.9707548369282548,-Inf,-Inf,1658
553,false,0.9706934806074143,-Inf,-Inf,1659
554,false,0.9706687079125076,-Inf,-Inf,1660
555,false,0.970620417981385,-Inf,-Inf,1661
556,false,0.9705855162563531,-Inf,-Inf,1662
557,false,0.9705407070025879,-Inf,-Inf,1663
558,false,0.970493310514613,-Inf,-Inf,1664
559,false,0.9704362531986186,-Inf,-Inf,1665
560,false,0.9703934233923239,-Inf,-Inf,1666
561,false,0.9703521558075745,-Inf,-Inf,1667
562,false,0.9703377313695716,-Inf,-Inf,1668
563,false,0.9703059925418016,-Inf,-Inf,1669
564,false,0.9702731043151522,-Inf,-Inf,1670
565,false,0.9702418158499323,-Inf,-Inf,1671
566,false,0.9702162092532216,-Inf,-Inf,1672
567,false,0.9701833229434509,-Inf,-Inf,1673
568,false,0.9701382105158448,-Inf,-Inf,1674
569,false,0.9701026056604547,-Inf,-Inf,1675
570,false,0.9700585898418093,-Inf,-Inf,1676
571,false,0.970025315450014,-Inf,-Inf,1677
572,false,0.9699696819649222,-Inf,-Inf,1678
573,false,0.96989601050966,-Inf,-Inf,1679
574,false,0.9698443259904066,-Inf,-Inf,1680
575,false,0.9698048338418825,-Inf,-Inf,1681
576,false,0.969758794145321,-Inf,-Inf,1682
577,false,0.9697455300421101,-Inf,-Inf,1683
578,false,0.9697202609293385,-Inf,-Inf,1684
579,false,0.9697003743409494,-Inf,-Inf,1685
580,false,0.9696877456155122,-Inf,-Inf,1686
581,false,0.9696633374698783,-Inf,-Inf,1687
582,false,0.9696256345871684,-Inf,-Inf,1688
583,false,0.969574225862441,-Inf,-Inf,1689
584,false,0.9695241759066973,-Inf,-Inf,1690
585,false,0.9694858766940857,-Inf,-Inf,1691
586,false,0.9694603454777899,-Inf,-Inf,1692
587,false,0.9694484250040796,-Inf,-Inf,1693
588,false,0.9694322195566206,-Inf,-Inf,1694
589,false,0.9694157782957592,-Inf,-Inf,1695
590,false,0.9694067018351535,-Inf,-Inf,1696
591,false,0.9693969365045446,-Inf,-Inf,1697
592,false,0.9693810629578428,-Inf,-Inf,1698
593,false,0.9693653980066771,-Inf,-Inf,1699
594,false,0.9693434334061521,-Inf,-Inf,1700
595,false,0.9693214633022222,-Inf,-Inf,1701
596,false,0.9693043835766852,-Inf,-Inf,1702
597,false,0.9692930257469454,-Inf,-Inf,1703
598,false,0.9692709779549944,-Inf,-Inf,1704
599,false,0.9692568659754041,-Inf,-Inf,1705
600,false,0.9692455150488697,-Inf,-Inf,1706
601,false,0.969210164661729,-Inf,-Inf,1707
602,false,0.9691925547223497,-Inf,-Inf,1708
603,false,0.9691685798509121,-Inf,-Inf,1709
604,false,0.9691508609710587,-Inf,-Inf,1710
605,false,0.9691376933981983,-Inf,-Inf,1711
606,false,0.9691139115896749,-Inf,-Inf,1712
607,false,0.9690918413151193,-Inf,-Inf,1713
608,false,0.9690852079704813,-Inf,-Inf,1714
609,false,0.9690738871987497,-Inf,-Inf,1715
610,false,0.9690484279814753,-Inf,-Inf,1716
611,false,0.969038561174832,-Inf,-Inf,1717
612,false,0.9690106041187161,-Inf,-Inf,1718
613,false,0.9689965154437163,-Inf,-Inf,1719
614,false,0.9689655125663917,-Inf,-Inf,1720
615,false,0.968941412554546,-Inf,-Inf,1721
616,false,0.9689266873494253,-Inf,-Inf,1722
617,false,0.9689052565640162,-Inf,-Inf,1723
618,false,0.9688915719529354,-Inf,-Inf,1724
619,false,0.9688653536015077,-Inf,-Inf,1725
620,false,0.9688324358910352,-Inf,-Inf,1726
621,false,0.9688000931040985,-Inf,-Inf,1727
622,false,0.9687791943302224,-Inf,-Inf,1728
623,false,0.9687570522313742,-Inf,-Inf,1729
624,false,0.9687253633466879,-Inf,-Inf,1730
625,false,0.9687023171842656,-Inf,-Inf,1731
626,false,0.9686903964367266,-Inf,-Inf,1732
627,false,0.9686326805485683,-Inf,-Inf,1733
628,false,0.9686170916983305,-Inf,-Inf,1734
629,false,0.968588358936464,-Inf,-Inf,1735
630,false,0.9685285302791711,-Inf,-Inf,1736
631,false,0.9684880724276566,-Inf,-Inf,1737
632,false,0.9684614839151746,-Inf,-Inf,1738
633,false,0.9684038294927033,-Inf,-Inf,1739
634,false,0.968371257764892,-Inf,-Inf,1740
635,false,0.9683392867793219,-Inf,-Inf,1741
636,false,0.9683203519238598,-Inf,-Inf,1742
637,false,0.9683108644853637,-Inf,-Inf,1743
638,false,0.9682944475666091,-Inf,-Inf,1744
639,false,0.9682589067079516,-Inf,-Inf,1745
640,false,0.968239028192477,-Inf,-Inf,1746
641,false,0.9682278921288376,-Inf,-Inf,1747
642,false,0.9682031370511832,-Inf,-Inf,1748
643,false,0.9681728110261525,-Inf,-Inf,1749
644,false,0.9681273675263662,-Inf,-Inf,1750
645,false,0.9680808969691448,-Inf,-Inf,1751
646,false,0.9680618300207,-Inf,-Inf,1752
647,false,0.968038681477887,-Inf,-Inf,1753
648,false,0.968023438146558,-Inf,-Inf,1754
649,false,0.968006836939181,-Inf,-Inf,1755
650,false,0.9679730561695091,-Inf,-Inf,1756
651,false,0.9679473842864739,-Inf,-Inf,1757
652,false,0.9679255207721817,-Inf,-Inf,1758
653,false,0.9679184919718451,-Inf,-Inf,1759
654,false,0.967905652870816,-Inf,-Inf,1760
655,false,0.9678799307459244,-Inf,-Inf,1761
656,false,0.9678660207989619,-Inf,-Inf,1762
657,false,0.9678486014576257,-Inf,-Inf,1763
658,false,0.9678052107472676,-Inf,-Inf,1764
659,false,0.9677934877769097,-Inf,-Inf,1765
660,false,0.9677788000026063,-Inf,-Inf,1766
661,false,0.9677603207239681,-Inf,-Inf,1767
662,false,0.9677385810375896,-Inf,-Inf,1768
663,false,0.9676854347629223,-Inf,-Inf,1769
664,false,0.9676761360435774,-Inf,-Inf,1770
665,false,0.9676497592988721,-Inf,-Inf,1771
666,false,0.9676395970377916,-Inf,-Inf,1772
667,false,0.9676254829700357,-Inf,-Inf,1773
668,false,0.9676102096184455,-Inf,-Inf,1774
669,false,0.9675974623482646,-Inf,-Inf,1775
670,false,0.9675643160575407,-Inf,-Inf,1776
671,false,0.9675313119361462,-Inf,-Inf,1777
672,false,0.9675120069595953,-Inf,-Inf,1778
673,false,0.9674930653200433,-Inf,-Inf,1779
674,false,0.9674784391842222,-Inf,-Inf,1780
675,false,0.9674560203564855,-Inf,-Inf,1781
676,false,0.9674396897499155,-Inf,-Inf,1782
677,false,0.9674161047812857,-Inf,-Inf,1783
678,false,0.9674018235514705,-Inf,-Inf,1784
679,false,0.967387822894459,-Inf,-Inf,1785
680,false,0.9673764530242508,-Inf,-Inf,1786
681,false,0.9673607189963891,-Inf,-Inf,1787
682,false,0.9673456740049682,-Inf,-Inf,1788
683,false,0.9673260804581065,-Inf,-Inf,1789
684,false,0.967306928999035,-Inf,-Inf,1790
685,false,0.9672873936185479,-Inf,-Inf,1791
686,false,0.9672636264770537,-Inf,-Inf,1792
687,false,0.9672415107044019,-Inf,-Inf,1793
688,false,0.9672278163156984,-Inf,-Inf,1794
689,false,0.9672088706933522,-Inf,-Inf,1795
690,false,0.9671985059272138,-Inf,-Inf,1796
691,false,0.9671921620064585,-Inf,-Inf,1797
692,false,0.9671860252241223,-Inf,-Inf,1798
693,false,0.9671687651398152,-Inf,-Inf,1799
694,false,0.9671479766004234,-Inf,-Inf,1800
695,false,0.9671329607442497,-Inf,-Inf,1801
696,false,0.9671224561977145,-Inf,-Inf,1802
697,false,0.9670908725936995,-Inf,-Inf,1803
698,false,0.9670799874471683,-Inf,-Inf,1804
699,false,0.9670616279092012,-Inf,-Inf,1805
700,false,0.9670515348961135,-Inf,-Inf,1806
701,false,0.9670368398605234,-Inf,-Inf,1807
702,false,0.9670218357800534,-Inf,-Inf,1808
703,false,0.9670017358462155,-Inf,-Inf,1809
704,false,0.9669696116239689,-Inf,-Inf,1810
705,false,0.9669583720513903,-Inf,-Inf,1811
706,false,0.9669519677542364,-Inf,-Inf,1812
707,false,0.9669246331979471,-Inf,-Inf,1813
708,false,0.9668968312512858,-Inf,-Inf,1814
709,false,0.9668833411043561,-Inf,-Inf,1815
710,false,0.9668635639164409,-Inf,-Inf,1816
711,false,0.966830216617225,-Inf,-Inf,1817
712,false,0.9668172309344321,-Inf,-Inf,1818
713,false,0.9667945371171148,-Inf,-Inf,1819
714,false,0.9667751198079995,-Inf,-Inf,1820
715,false,0.9667625343971202,-Inf,-Inf,1821
716,false,0.9667283750318652,-Inf,-Inf,1822
717,false,0.9666935900986896,-Inf,-Inf,1823
718,false,0.9666601226679826,-Inf,-Inf,1824
719,false,0.966617388755616,-Inf,-Inf,1825
720,false,0.9665965712233334,-Inf,-Inf,1826
721,false,0.9665780543410003,-Inf,-Inf,1827
722,false,0.9665579249413463,-Inf,-Inf,1828
723,false,0.966532189178599,-Inf,-Inf,1829
724,false,0.9664971558223724,-Inf,-Inf,1830
725,false,0.9664835466136574,-Inf,-Inf,1831
726,false,0.9664556456485599,-Inf,-Inf,1832
727,false,0.9664356434982897,-Inf,-Inf,1833
728,false,0.9664069062442271,-Inf,-Inf,1834
729,false,0.9663941452141289,-Inf,-Inf,1835
730,false,0.9663707804083939,-Inf,-Inf,1836
731,false,0.9663611864015262,-Inf,-Inf,1837
732,false,0.9663281858078066,-Inf,-Inf,1838
733,false,0.9663145229483522,-Inf,-Inf,1839
734,false,0.9663026241773377,-Inf,-Inf,1840
735,false,0.9662842202848427,-Inf,-Inf,1841
736,false,0.9662576485179722,-Inf,-Inf,1842
737,false,0.9662357224137025,-Inf,-Inf,1843
738,false,0.9662205200287248,-Inf,-Inf,1844
739,false,0.9662105042549145,-Inf,-Inf,1845
740,false,0.9661958682535857,-Inf,-Inf,1846
741,false,0.9661672288027499,-Inf,-Inf,1847
742,false,0.966153448231648,-Inf,-Inf,1848
743,false,0.9661150089275218,-Inf,-Inf,1849
744,false,0.9661008634480264,-Inf,-Inf,1850
745,false,0.9660890653709562,-Inf,-Inf,1851
746,false,0.9660726040750496,-Inf,-Inf,1852
747,false,0.9660642895633766,-Inf,-Inf,1853
748,false,0.9660542271761977,-Inf,-Inf,1854
749,false,0.9660241864638852,-Inf,-Inf,1855
750,false,0.9660028348251217,-Inf,-Inf,1856
751,false,0.9659804594671372,-Inf,-Inf,1857
752,false,0.9659649016507865,-Inf,-Inf,1858
753,false,0.9659246494024327,-Inf,-Inf,1859
754,false,0.9658950938217807,-Inf,-Inf,1860
755,false,0.9658814228132321,-Inf,-Inf,1861
756,false,0.9658732563473724,-Inf,-Inf,1862
757,false,0.9658582728346375,-Inf,-Inf,1863
758,false,0.9658512888302512,-Inf,-Inf,1864
759,false,0.9658267799391815,-Inf,-Inf,1865
760,false,0.9658183286547877,-Inf,-Inf,1866
761,false,0.9658076397515905,-Inf,-Inf,1867
762,false,0.9657828236817991,-Inf,-Inf,1868
763,false,0.9657583695171506,-Inf,-Inf,1869
764,false,0.9657439990402069,-Inf,-Inf,1870
765,false,0.9657272540724509,-Inf,-Inf,1871
766,false,0.9657018311629386,-Inf,-Inf,1872
767,false,0.965692041899716,-Inf,-Inf,1873
768,false,0.9656758235091967,-Inf,-Inf,1874
769,false,0.9656557733157834,-Inf,-Inf,1875
770,false,0.9656485388202556,-Inf,-Inf,1876
771,false,0.9656032055982714,-Inf,-Inf,1877
772,false,0.9655800515110646,-Inf,-Inf,1878
773,false,0.9655657281709095,-Inf,-Inf,1879
774,false,0.9655400702297505,-Inf,-Inf,1880
775,false,0.965529477179923,-Inf,-Inf,1881
776,false,0.9655202652211803,-Inf,-Inf,1882
777,false,0.9655081296034657,-Inf,-Inf,1883
778,false,0.9654982513070802,-Inf,-Inf,1884
779,false,0.9654758217600556,-Inf,-Inf,1885
780,false,0.9654534824257985,-Inf,-Inf,1886
781,false,0.9654403777253624,-Inf,-Inf,1887
782,false,0.9654302072042102,-Inf,-Inf,1888
783,false,0.9654172413772908,-Inf,-Inf,1889
784,false,0.9654008998833987,-Inf,-Inf,1890
785,false,0.9653799806006236,-Inf,-Inf,1891
786,false,0.9653624510907844,-Inf,-Inf,1892
787,false,0.9653402236016816,-Inf,-Inf,1893
788,false,0.9653208461787469,-Inf,-Inf,1894
789,false,0.965293230379612,-Inf,-Inf,1895
790,false,0.9652697365937811,-Inf,-Inf,1896
791,false,0.9652552731837531,-Inf,-Inf,1897
792,false,0.9652435286056671,-Inf,-Inf,1898
793,false,0.9652155072681565,-Inf,-Inf,1899
794,false,0.9651995746079909,-Inf,-Inf,1900
795,false,0.965179993226891,-Inf,-Inf,1901
796,false,0.9651701320145675,-Inf,-Inf,1902
797,false,0.9651604621501373,-Inf,-Inf,1903
798,false,0.9651246587902316,-Inf,-Inf,1904
799,false,0.9651154015144965,-Inf,-Inf,1905
800,false,0.9651046968662819,-Inf,-Inf,1906
801,false,0.965084898828542,-Inf,-Inf,1907
802,false,0.9650643668291912,-Inf,-Inf,1908
803,false,0.9650559547696717,-Inf,-Inf,1909
804,false,0.9650482728837206,-Inf,-Inf,1910
805,false,0.9650342023921092,-Inf,-Inf,1911
806,false,0.9650233744394389,-Inf,-Inf,1912
807,false,0.9650170472621227,-Inf,-Inf,1913
808,false,0.9650020007729049,-Inf,-Inf,1914
809,false,0.9649871072903331,-Inf,-Inf,1915
810,false,0.964961566070804,-Inf,-Inf,1916
811,false,0.9649482922401413,-Inf,-Inf,1917
812,false,0.9649306321734625,-Inf,-Inf,1918
813,false,0.9649155616743607,-Inf,-Inf,1919
814,false,0.9649050857834757,-Inf,-Inf,1920
815,false,0.9648924036349187,-Inf,-Inf,1921
816,false,0.9648732909783476,-Inf,-Inf,1922
817,false,0.9648704691274046,-Inf,-Inf,1923
818,false,0.9648574585254537,-Inf,-Inf,1924
819,false,0.9648532823736861,-Inf,-Inf,1925
820,false,0.9648202825349352,-Inf,-Inf,1926
821,false,0.9647962123084849,-Inf,-Inf,1927
822,false,0.9647831839768797,-Inf,-Inf,1928
823,false,0.9647692376010693,-Inf,-Inf,1929
824,false,0.9647597121590469,-Inf,-Inf,1930
825,false,0.9647388736756927,-Inf,-Inf,1931
826,false,0.9647255860385938,-Inf,-Inf,1932
827,false,0.9647130410756913,-Inf,-Inf,1933
828,false,0.9646995363456129,-Inf,-Inf,1934
829,false,0.9646845507709199,-Inf,-Inf,1935
830,false,0.9646748834197278,-Inf,-Inf,1936
831,false,0.9646437313396088,-Inf,-Inf,1937
832,false,0.9646361078487633,-Inf,-Inf,1938
833,false,0.9646264568238094,-Inf,-Inf,1939
834,false,0.964614283631377,-Inf,-Inf,1940
835,false,0.9646033124225207,-Inf,-Inf,1941
836,false,0.9645957330421755,-Inf,-Inf,1942
837,false,0.9645880348468288,-Inf,-Inf,1943
838,false,0.9645618846891784,-Inf,-Inf,1944
839,false,0.9645373534623218,-Inf,-Inf,1945
840,false,0.9645131210769644,-Inf,-Inf,1946
841,false,0.9644950418727143,-Inf,-Inf,1947
842,false,0.9644757670288655,-Inf,-Inf,1948
843,false,0.9644636827919832,-Inf,-Inf,1949
844,false,0.9644427399591048,-Inf,-Inf,1950
845,false,0.9644234721780627,-Inf,-Inf,1951
846,false,0.9644097081586073,-Inf,-Inf,1952
847,false,0.9643859259506739,-Inf,-Inf,1953
848,false,0.9643658723571986,-Inf,-Inf,1954
849,false,0.9643414259376349,-Inf,-Inf,1955
850,false,0.9643355840255392,-Inf,-Inf,1956
851,false,0.9643070935942841,-Inf,-Inf,1957
852,false,0.9642928560637909,-Inf,-Inf,1958
853,false,0.964265529402468,-Inf,-Inf,1959
854,false,0.9642577624680966,-Inf,-Inf,1960
855,false,0.9642522408991254,-Inf,-Inf,1961
856,false,0.964233722739132,-Inf,-Inf,1962
857,false,0.9642230488674202,-Inf,-Inf,1963
858,false,0.9642159454660675,-Inf,-Inf,1964
859,false,0.9642059910544272,-Inf,-Inf,1965
860,false,0.9641950894004977,-Inf,-Inf,1966
861,false,0.9641699024968906,-Inf,-Inf,1967
862,false,0.9641469628937925,-Inf,-Inf,1968
863,false,0.9641249059020573,-Inf,-Inf,1969
864,false,0.9640972990078511,-Inf,-Inf,1970
865,false,0.964076165058517,-Inf,-Inf,1971
866,false,0.9640497609218645,-Inf,-Inf,1972
867,false,0.9640360592394053,-Inf,-Inf,1973
868,false,0.9640254288782439,-Inf,-Inf,1974
869,false,0.9639911186508474,-Inf,-Inf,1975
870,false,0.9639705738552485,-Inf,-Inf,1976
871,false,0.9639473354819029,-Inf,-Inf,1977
872,false,0.963935332373568,-Inf,-Inf,1978
873,false,0.9639196544321281,-Inf,-Inf,1979
874,false,0.9639089583098517,-Inf,-Inf,1980
875,false,0.9638999972849083,-Inf,-Inf,1981
876,false,0.9638904208402684,-Inf,-Inf,1982
877,false,0.9638615527258965,-Inf,-Inf,1983
878,false,0.9638485591619579,-Inf,-Inf,1984
879,false,0.9638352530848335,-Inf,-Inf,1985
880,false,0.9638216203439087,-Inf,-Inf,1986
881,false,0.9638137223856127,-Inf,-Inf,1987
882,false,0.9638023844047892,-Inf,-Inf,1988
883,false,0.9637973218668919,-Inf,-Inf,1989
884,false,0.9637873505824568,-Inf,-Inf,1990
885,false,0.9637752108998434,-Inf,-Inf,1991
886,false,0.963763632644971,-Inf,-Inf,1992
887,false,0.9637574389070609,-Inf,-Inf,1993
888,false,0.9637525803250642,-Inf,-Inf,1994
889,false,0.9637347488874717,-Inf,-Inf,1995
890,false,0.9637227506671584,-Inf,-Inf,1996
891,false,0.9637115245081725,-Inf,-Inf,1997
892,false,0.9637023203440033,-Inf,-Inf,1998
893,false,0.9636875091148553,-Inf,-Inf,1999
894,false,0.9636704503453928,-Inf,-Inf,2000
895,false,0.9636509195237202,-Inf,-Inf,2001
896,false,0.9636360881384584,-Inf,-Inf,2002
897,false,0.963617164942516,-Inf,-Inf,2003
898,false,0.9636102372548518,-Inf,-Inf,2004
899,false,0.9636033131723538,-Inf,-Inf,2005
900,false,0.9635996182278592,-Inf,-Inf,2006
901,false,0.9635906105888868,-Inf,-Inf,2007
902,false,0.9635828935139703,-Inf,-Inf,2008
903,false,0.9635610313363752,-Inf,-Inf,2009
904,false,0.96355549338762,-Inf,-Inf,2010
905,false,0.9635258146394028,-Inf,-Inf,2011
906,false,0.9635182228841299,-Inf,-Inf,2012
907,false,0.9635043054709926,-Inf,-Inf,2013
908,false,0.9634965366809929,-Inf,-Inf,2014
909,false,0.9634883258784419,-Inf,-Inf,2015
910,false,0.9634691059821687,-Inf,-Inf,2016
911,false,0.9634557548277325,-Inf,-Inf,2017
912,false,0.9634479673922621,-Inf,-Inf,2018
913,false,0.96343491552221,-Inf,-Inf,2019
914,false,0.963428021128746,-Inf,-Inf,2020
915,false,0.9634062940079574,-Inf,-Inf,2021
916,false,0.9633897256249909,-Inf,-Inf,2022
917,false,0.9633823497183587,-Inf,-Inf,2023
918,false,0.9633741337451471,-Inf,-Inf,2024
919,false,0.9633626989141632,-Inf,-Inf,2025
920,false,0.9633392173949742,-Inf,-Inf,2026
921,false,0.963322024546517,-Inf,-Inf,2027
922,false,0.9633140347374116,-Inf,-Inf,2028
923,false,0.9633009402430763,-Inf,-Inf,2029
924,false,0.9632837675864043,-Inf,-Inf,2030
925,false,0.9632764031585846,-Inf,-Inf,2031
926,false,0.9632569422195404,-Inf,-Inf,2032
927,false,0.9632545892248882,-Inf,-Inf,2033
928,false,0.9632419937394536,-Inf,-Inf,2034
929,false,0.9632342994316241,-Inf,-Inf,2035
930,false,0.9632241299250337,-Inf,-Inf,2036
931,false,0.963199275749343,-Inf,-Inf,2037
932,false,0.9631882716622937,-Inf,-Inf,2038
933,false,0.9631668729293723,-Inf,-Inf,2039
934,false,0.9631482118968806,-Inf,-Inf,2040
935,false,0.963132591100128,-Inf,-Inf,2041
936,false,0.9631107456302561,-Inf,-Inf,2042
937,false,0.9631008695450123,-Inf,-Inf,2043
938,false,0.9630768606139921,-Inf,-Inf,2044
939,false,0.9630601106893474,-Inf,-Inf,2045
940,false,0.9630436400442237,-Inf,-Inf,2046
941,false,0.9630348018439616,-Inf,-Inf,2047
942,false,0.9630272596193672,-Inf,-Inf,2048
943,false,0.9630157365601567,-Inf,-Inf,2049
944,false,0.963011551484739,-Inf,-Inf,2050
945,false,0.962995710199491,-Inf,-Inf,2051
946,false,0.9629836503819185,-Inf,-Inf,2052
947,false,0.9629704680785919,-Inf,-Inf,2053
948,false,0.9629526675548176,-Inf,-Inf,2054
949,false,0.9629438908762035,-Inf,-Inf,2055
950,false,0.9629257975882793,-Inf,-Inf,2056
951,false,0.9629094166933959,-Inf,-Inf,2057
952,false,0.9628902285334447,-Inf,-Inf,2058
953,false,0.9628807473403023,-Inf,-Inf,2059
954,false,0.9628605372182486,-Inf,-Inf,2060
955,false,0.9628501547945474,-Inf,-Inf,2061
956,false,0.9628404896631182,-Inf,-Inf,2062
957,false,0.9628331673180003,-Inf,-Inf,2063
958,false,0.962805340085882,-Inf,-Inf,2064
959,false,0.9627980143339213,-Inf,-Inf,2065
960,false,0.9627872197262689,-Inf,-Inf,2066
961,false,0.9627789226844561,-Inf,-Inf,2067
962,false,0.9627684105281169,-Inf,-Inf,2068
963,false,0.9627609630616896,-Inf,-Inf,2069
964,false,0.9627485061803209,-Inf,-Inf,2070
965,false,0.9627437232007041,-Inf,-Inf,2071
966,false,0.9627303857389451,-Inf,-Inf,2072
967,false,0.96271488181446,-Inf,-Inf,2073
968,false,0.9627065296054536,-Inf,-Inf,2074
969,false,0.9626934206630546,-Inf,-Inf,2075
970,false,0.9626812631778887,-Inf,-Inf,2076
971,false,0.9626618518476002,-Inf,-Inf,2077
972,false,0.9626444123476547,-Inf,-Inf,2078
973,false,0.9626363932360973,-Inf,-Inf,2079
974,false,0.9626305063006597,-Inf,-Inf,2080
975,false,0.9626170601729426,-Inf,-Inf,2081
976,false,0.9626034244737648,-Inf,-Inf,2082
977,false,0.9625960364739325,-Inf,-Inf,2083
978,false,0.9625926318242993,-Inf,-Inf,2084
979,false,0.9625746506358963,-Inf,-Inf,2085
980,false,0.962548239052309,-Inf,-Inf,2086
981,false,0.9625362307664944,-Inf,-Inf,2087
982,false,0.9625241541092053,-Inf,-Inf,2088
983,false,0.962502723815722,-Inf,-Inf,2089
984,false,0.9624836974828332,-Inf,-Inf,2090
985,false,0.9624663834831597,-Inf,-Inf,2091
986,false,0.9624572628299796,-Inf,-Inf,2092
987,false,0.9624269428161762,-Inf,-Inf,2093
988,false,0.9623988253193116,-Inf,-Inf,2094
989,false,0.9623809581052207,-Inf,-Inf,2095
990,false,0.962372120588358,-Inf,-Inf,2096
991,false,0.962369527478206,-Inf,-Inf,2097
992,false,0.9623436595759643,-Inf,-Inf,2098
993,false,0.9623212292996167,-Inf,-Inf,2099
994,false,0.9623118454034777,-Inf,-Inf,2100
995,false,0.962292465175799,-Inf,-Inf,2101
996,false,0.962273882678141,-Inf,-Inf,2102
997,false,0.9622707991456279,-Inf,-Inf,2103
998,false,0.9622595402075557,-Inf,-Inf,2104
999,false,0.9622536673743687,-Inf,-Inf,2105
1000,false,0.9622440576132689,-Inf,-Inf,2106
1001,false,0.9622317317846029,-Inf,-Inf,2107
1002,false,0.9622192216102581,-Inf,-Inf,2108
1003,false,0.962213594609522,-Inf,-Inf,2109
1004,false,0.9622083514708706,-Inf,-Inf,2110
1005,false,0.9621961428372026,-Inf,-Inf,2111
1006,false,0.9621837469841557,-Inf,-Inf,2112
1007,false,0.9621734935597266,-Inf,-Inf,2113
1008,false,0.9621679997923063,-Inf,-Inf,2114
1009,false,0.9621500351620075,-Inf,-Inf,2115
1010,false,0.9621405797058213,-Inf,-Inf,2116
1011,false,0.9621276128157756,-Inf,-Inf,2117
1012,false,0.9621173873727116,-Inf,-Inf,2118
1013,false,0.9621108658221851,-Inf,-Inf,2119
1014,false,0.9620983605729192,-Inf,-Inf,2120
1015,false,0.9620961350391823,-Inf,-Inf,2121
1016,false,0.9620905237602473,-Inf,-Inf,2122
1017,false,0.9620780600377737,-Inf,-Inf,2123
1018,false,0.9620593598316405,-Inf,-Inf,2124
1019,false,0.9620481953078361,-Inf,-Inf,2125
1020,false,0.9620421284203654,-Inf,-Inf,2126
1021,false,0.9620198589861262,-Inf,-Inf,2127
1022,false,0.9620125213338364,-Inf,-Inf,2128
1023,false,0.9619932056103795,-Inf,-Inf,2129
1024,false,0.9619818259587467,-Inf,-Inf,2130
1025,false,0.9619721067926479,-Inf,-Inf,2131
1026,false,0.9619598725088929,-Inf,-Inf,2132
1027,false,0.9619497137815747,-Inf,-Inf,2133
1028,false,0.9619454042067012,-Inf,-Inf,2134
1029,false,0.961938546460642,-Inf,-Inf,2135
1030,false,0.9619287581178083,-Inf,-Inf,2136
1031,false,0.9619103517651684,-Inf,-Inf,2137
1032,false,0.9619048973760033,-Inf,-Inf,2138
1033,false,0.9618959360445861,-Inf,-Inf,2139
1034,false,0.9618909708240018,-Inf,-Inf,2140
1035,false,0.9618846391257351,-Inf,-Inf,2141
1036,false,0.9618823072256952,-Inf,-Inf,2142
1037,false,0.9618757773552875,-Inf,-Inf,2143
1038,false,0.9618647548309962,-Inf,-Inf,2144
1039,false,0.9618536397066966,-Inf,-Inf,2145
1040,false,0.9618445762121424,-Inf,-Inf,2146
1041,false,0.9618339540534177,-Inf,-Inf,2147
1042,false,0.961825361192272,-Inf,-Inf,2148
1043,false,0.9618199217660006,-Inf,-Inf,2149
1044,false,0.9618104450671451,-Inf,-Inf,2150
1045,false,0.961790133105237,-Inf,-Inf,2151
1046,false,0.9617782886389421,-Inf,-Inf,2152
1047,false,0.9617630981945754,-Inf,-Inf,2153
1048,false,0.9617535224075524,-Inf,-Inf,2154
1049,false,0.9617457214146596,-Inf,-Inf,2155
1050,false,0.9617366463038949,-Inf,-Inf,2156
1051,false,0.9617265434200855,-Inf,-Inf,2157
1052,false,0.9617229575980653,-Inf,-Inf,2158
1053,false,0.9617094710021334,-Inf,-Inf,2159
1054,false,0.9616932336179642,-Inf,-Inf,2160
1055,false,0.961678078089804,-Inf,-Inf,2161
1056,false,0.9616674717304888,-Inf,-Inf,2162
1057,false,0.9616574762952323,-Inf,-Inf,2163
1058,false,0.9616500194619954,-Inf,-Inf,2164
1059,false,0.9616382942345125,-Inf,-Inf,2165
1060,false,0.961629154593251,-Inf,-Inf,2166
1061,false,0.9616159649266409,-Inf,-Inf,2167
1062,false,0.9616094884313411,-Inf,-Inf,2168
1063,false,0.9616050623704704,-Inf,-Inf,2169
1064,false,0.9615884794912983,-Inf,-Inf,2170
1065,false,0.9615813969305473,-Inf,-Inf,2171
1066,false,0.9615779083015041,-Inf,-Inf,2172
1067,false,0.9615732264162034,-Inf,-Inf,2173
1068,false,0.9615564407366297,-Inf,-Inf,2174
1069,false,0.9615468342892539,-Inf,-Inf,2175
1070,false,0.961535886429242,-Inf,-Inf,2176
1071,false,0.9615208116479481,-Inf,-Inf,2177
1072,false,0.9615044019253016,-Inf,-Inf,2178
1073,false,0.961485556392417,-Inf,-Inf,2179
1074,false,0.9614830549909863,-Inf,-Inf,2180
1075,false,0.9614647102166936,-Inf,-Inf,2181
1076,false,0.9614595569310893,-Inf,-Inf,2182
1077,false,0.9614431834658258,-Inf,-Inf,2183
1078,false,0.9614289184483535,-Inf,-Inf,2184
1079,false,0.961405487864949,-Inf,-Inf,2185
1080,false,0.9613890401221437,-Inf,-Inf,2186
1081,false,0.9613792523302924,-Inf,-Inf,2187
1082,false,0.9613615096816165,-Inf,-Inf,2188
1083,false,0.9613587960957546,-Inf,-Inf,2189
1084,false,0.9613443555329152,-Inf,-Inf,2190
1085,false,0.9613426846076778,-Inf,-Inf,2191
1086,false,0.9613351876632161,-Inf,-Inf,2192
1087,false,0.9613264886232129,-Inf,-Inf,2193
1088,false,0.9613146675224253,-Inf,-Inf,2194
1089,false,0.9612997244833533,-Inf,-Inf,2195
1090,false,0.9612909068293222,-Inf,-Inf,2196
1091,false,0.9612812867177329,-Inf,-Inf,2197
1092,false,0.961270614437713,-Inf,-Inf,2198
1093,false,0.9612544920313648,-Inf,-Inf,2199
1094,false,0.9612470730857587,-Inf,-Inf,2200
1095,false,0.9612251710602359,-Inf,-Inf,2201
1096,false,0.9612126278405689,-Inf,-Inf,2202
1097,false,0.9611963865526783,-Inf,-Inf,2203
1098,false,0.9611723740852502,-Inf,-Inf,2204
1099,false,0.9611492279329507,-Inf,-Inf,2205
1100,false,0.9611450610153947,-Inf,-Inf,2206
1101,false,0.9611311567035966,-Inf,-Inf,2207
1102,false,0.9611225969826009,-Inf,-Inf,2208
1103,false,0.9611109452059917,-Inf,-Inf,2209
1104,false,0.9611050864089994,-Inf,-Inf,2210
1105,false,0.9611017018676262,-Inf,-Inf,2211
1106,false,0.9610944122877396,-Inf,-Inf,2212
1107,false,0.961082640830058,-Inf,-Inf,2213
1108,false,0.9610777258088855,-Inf,-Inf,2214
1109,false,0.961066804026213,-Inf,-Inf,2215
1110,false,0.9610408951470784,-Inf,-Inf,2216
1111,false,0.9610332054171171,-Inf,-Inf,2217
1112,false,0.9610214965753676,-Inf,-Inf,2218
1113,false,0.9610090515412968,-Inf,-Inf,2219
1114,false,0.9610028644209335,-Inf,-Inf,2220
1115,false,0.9609893921138879,-Inf,-Inf,2221
1116,false,0.9609774367870034,-Inf,-Inf,2222
1117,false,0.9609743842214591,-Inf,-Inf,2223
1118,false,0.9609708935376455,-Inf,-Inf,2224
1119,false,0.9609662152986004,-Inf,-Inf,2225
1120,false,0.9609591213189235,-Inf,-Inf,2226
1121,false,0.9609483944389132,-Inf,-Inf,2227
1122,false,0.9609426217277774,-Inf,-Inf,2228
1123,false,0.9609372653722426,-Inf,-Inf,2229
1124,false,0.9609324815136921,-Inf,-Inf,2230
1125,false,0.9609216799648341,-Inf,-Inf,2231
1126,false,0.960917641656327,-Inf,-Inf,2232
1127,false,0.9609136601562275,-Inf,-Inf,2233
1128,false,0.9609120741858335,-Inf,-Inf,2234
1129,false,0.9609065435586646,-Inf,-Inf,2235
1130,false,0.960894849974443,-Inf,-Inf,2236
1131,false,0.9608871556629595,-Inf,-Inf,2237
1132,false,0.9608783691881055,-Inf,-Inf,2238
1133,false,0.960865268912497,-Inf,-Inf,2239
1134,false,0.9608543261017025,-Inf,-Inf,2240
1135,false,0.960839530224833,-Inf,-Inf,2241
1136,false,0.9608322327666208,-Inf,-Inf,2242
1137,false,0.9608224797043619,-Inf,-Inf,2243
1138,false,0.9608136501063723,-Inf,-Inf,2244
1139,false,0.9608080479966646,-Inf,-Inf,2245
1140,false,0.960797701005122,-Inf,-Inf,2246
1141,false,0.9607915918578731,-Inf,-Inf,2247
1142,false,0.9607835981841402,-Inf,-Inf,2248
1143,false,0.9607779203993514,-Inf,-Inf,2249
1144,false,0.9607741360572153,-Inf,-Inf,2250
1145,false,0.9607655091445497,-Inf,-Inf,2251
1146,false,0.9607594231348561,-Inf,-Inf,2252
1147,false,0.960756229435612,-Inf,-Inf,2253
1148,false,0.9607527447020802,-Inf,-Inf,2254
1149,false,0.960744930917454,-Inf,-Inf,2255
1150,false,0.9607392567237545,-Inf,-Inf,2256
1151,false,0.9607327608090224,-Inf,-Inf,2257
1152,false,0.960717839235989,-Inf,-Inf,2258
1153,false,0.9607102148337581,-Inf,-Inf,2259
1154,false,0.960703978610183,-Inf,-Inf,2260
1155,false,0.9607000347750136,-Inf,-Inf,2261
1156,false,0.960697996936978,-Inf,-Inf,2262
1157,false,0.9606882786322167,-Inf,-Inf,2263
1158,false,0.960684365854449,-Inf,-Inf,2264
1159,false,0.9606772322371699,-Inf,-Inf,2265
1160,false,0.9606715344234018,-Inf,-Inf,2266
1161,false,0.9606709289831994,-Inf,-Inf,2267
1162,false,0.9606630761816511,-Inf,-Inf,2268
1163,false,0.960653698106292,-Inf,-Inf,2269
1164,false,0.9606442243294937,-Inf,-Inf,2270
1165,false,0.9606374276906283,-Inf,-Inf,2271
1166,false,0.9606191222769561,-Inf,-Inf,2272
1167,false,0.9606132375274328,-Inf,-Inf,2273
1168,false,0.9606014930708752,-Inf,-Inf,2274
1169,false,0.9605977179637886,-Inf,-Inf,2275
1170,false,0.9605923189444416,-Inf,-Inf,2276
1171,false,0.9605862736151464,-Inf,-Inf,2277
1172,false,0.9605736488409262,-Inf,-Inf,2278
1173,false,0.9605642810214825,-Inf,-Inf,2279
1174,false,0.9605589281544151,-Inf,-Inf,2280
1175,false,0.9605513146794026,-Inf,-Inf,2281
1176,false,0.9605466760913085,-Inf,-Inf,2282
1177,false,0.9605416483008552,-Inf,-Inf,2283
1178,false,0.960539971162026,-Inf,-Inf,2284
1179,false,0.9605295840524858,-Inf,-Inf,2285
1180,false,0.9605165317883231,-Inf,-Inf,2286
1181,false,0.9605138661063675,-Inf,-Inf,2287
1182,false,0.9605068797627649,-Inf,-Inf,2288
1183,false,0.9605002803546797,-Inf,-Inf,2289
1184,false,0.9604980028587491,-Inf,-Inf,2290
1185,false,0.9604918463412914,-Inf,-Inf,2291
1186,false,0.9604858613758434,-Inf,-Inf,2292
1187,false,0.9604839181871563,-Inf,-Inf,2293
1188,false,0.9604672654004125,-Inf,-Inf,2294
1189,false,0.9604557732074508,-Inf,-Inf,2295
1190,false,0.9604516544689352,-Inf,-Inf,2296
1191,false,0.9604400156302753,-Inf,-Inf,2297
1192,false,0.9604346184968889,-Inf,-Inf,2298
1193,false,0.9604291617508839,-Inf,-Inf,2299
1194,false,0.9604249128061841,-Inf,-Inf,2300
1195,false,0.960422668793731,-Inf,-Inf,2301
1196,false,0.9604207663903357,-Inf,-Inf,2302
1197,false,0.9604152161257402,-Inf,-Inf,2303
1198,false,0.9604119411523537,-Inf,-Inf,2304
1199,false,0.9604083231963749,-Inf,-Inf,2305
1200,false,0.9604058401478802,-Inf,-Inf,2306
1201,false,0.9604025454070105,-Inf,-Inf,2307
1202,false,0.9603950920096753,-Inf,-Inf,2308
1203,false,0.9603888698337277,-Inf,-Inf,2309
1204,false,0.9603806940865958,-Inf,-Inf,2310
1205,false,0.9603729311032803,-Inf,-Inf,2311
1206,false,0.9603662530771607,-Inf,-Inf,2312
1207,false,0.9603607003397232,-Inf,-Inf,2313
1208,false,0.9603589621485027,-Inf,-Inf,2314
1209,false,0.9603527943292874,-Inf,-Inf,2315
1210,false,0.9603458168591952,-Inf,-Inf,2316
1211,false,0.960344297120455,-Inf,-Inf,2317
1212,false,0.9603422611029038,-Inf,-Inf,2318
1213,false,0.960336068010104,-Inf,-Inf,2319
1214,false,0.9603298474548514,-Inf,-Inf,2320
1215,false,0.9603234040689999,-Inf,-Inf,2321
1216,false,0.9603192225802669,-Inf,-Inf,2322
1217,false,0.960315016082422,-Inf,-Inf,2323
1218,false,0.9603129100551445,-Inf,-Inf,2324
1219,false,0.96030953749287,-Inf,-Inf,2325
1220,false,0.9603061472366166,-Inf,-Inf,2326
1221,false,0.9603048523931417,-Inf,-Inf,2327
1222,false,0.9603038333598668,-Inf,-Inf,2328
1223,false,0.9603003038124476,-Inf,-Inf,2329
1224,false,0.9602975783989232,-Inf,-Inf,2330
1225,false,0.9602946365898064,-Inf,-Inf,2331
1226,false,0.9602900878155806,-Inf,-Inf,2332
1227,false,0.9602877958222162,-Inf,-Inf,2333
1228,false,0.9602847298415829,-Inf,-Inf,2334
1229,false,0.960277116308099,-Inf,-Inf,2335
1230,false,0.9602720357200427,-Inf,-Inf,2336
1231,false,0.9602667244189392,-Inf,-Inf,2337
1232,false,0.9602577248450466,-Inf,-Inf,2338
1233,false,0.9602532227479902,-Inf,-Inf,2339
1234,false,0.9602402100428604,-Inf,-Inf,2340
1235,false,0.9602226014659132,-Inf,-Inf,2341
1236,false,0.9602117996000438,-Inf,-Inf,2342
1237,false,0.9602019940085396,-Inf,-Inf,2343
1238,false,0.9601950050372166,-Inf,-Inf,2344
1239,false,0.9601889936856789,-Inf,-Inf,2345
1240,false,0.960186936237799,-Inf,-Inf,2346
1241,false,0.9601840311436969,-Inf,-Inf,2347
1242,false,0.9601796602295724,-Inf,-Inf,2348
1243,false,0.9601709950260844,-Inf,-Inf,2349
1244,false,0.9601661016303356,-Inf,-Inf,2350
1245,false,0.9601497281896907,-Inf,-Inf,2351
1246,false,0.960149352423047,-Inf,-Inf,2352
1247,false,0.960139065986866,-Inf,-Inf,2353
1248,false,0.9601342808043568,-Inf,-Inf,2354
1249,false,0.9601248621699414,-Inf,-Inf,2355
1250,false,0.9601206000682994,-Inf,-Inf,2356
1251,false,0.960114865378686,-Inf,-Inf,2357
1252,false,0.9601091725534472,-Inf,-Inf,2358
1253,false,0.9601072344712356,-Inf,-Inf,2359
1254,false,0.9601003990377583,-Inf,-Inf,2360
1255,false,0.960099554263482,-Inf,-Inf,2361
1256,false,0.960083342608695,-Inf,-Inf,2362
1257,false,0.9600710453118065,-Inf,-Inf,2363
1258,false,0.9600585389645597,-Inf,-Inf,2364
1259,false,0.9600424844131017,-Inf,-Inf,2365
1260,false,0.9600339462537855,-Inf,-Inf,2366
1261,false,0.9600240297165215,-Inf,-Inf,2367
1262,false,0.9600190015638008,-Inf,-Inf,2368
1263,false,0.960013164454984,-Inf,-Inf,2369
1264,false,0.9600028162271499,-Inf,-Inf,2370
1265,false,0.9599964814022675,-Inf,-Inf,2371
1266,false,0.9599856970736929,-Inf,-Inf,2372
1267,false,0.9599778704680726,-Inf,-Inf,2373
1268,false,0.9599690802370651,-Inf,-Inf,2374
1269,false,0.9599618900436466,-Inf,-Inf,2375
1270,false,0.9599561660449323,-Inf,-Inf,2376
1271,false,0.9599472877863433,-Inf,-Inf,2377
1272,false,0.9599456960034198,-Inf,-Inf,2378
1273,false,0.959935360720731,-Inf,-Inf,2379
1274,false,0.9599283877344067,-Inf,-Inf,2380
1275,false,0.9599203743482578,-Inf,-Inf,2381
1276,false,0.9599150765823575,-Inf,-Inf,2382
1277,false,0.9599094067237454,-Inf,-Inf,2383
1278,false,0.9599060262857328,-Inf,-Inf,2384
1279,false,0.9599039306099624,-Inf,-Inf,2385
1280,false,0.9599025606348599,-Inf,-Inf,2386
1281,false,0.9598969608464963,-Inf,-Inf,2387
1282,false,0.9598898210685769,-Inf,-Inf,2388
1283,false,0.959886045150597,-Inf,-Inf,2389
1284,false,0.9598828809241309,-Inf,-Inf,2390
1285,false,0.959878502083729,-Inf,-Inf,2391
1286,false,0.959874766138118,-Inf,-Inf,2392
1287,false,0.9598719705927765,-Inf,-Inf,2393
1288,false,0.9598640583621612,-Inf,-Inf,2394
1289,false,0.9598583458038668,-Inf,-Inf,2395
1290,false,0.9598550063551181,-Inf,-Inf,2396
1291,false,0.9598524512901543,-Inf,-Inf,2397
1292,false,0.9598506101848283,-Inf,-Inf,2398
1293,false,0.9598458048260267,-Inf,-Inf,2399
1294,false,0.9598412022747997,-Inf,-Inf,2400
1295,false,0.9598356197010405,-Inf,-Inf,2401
1296,false,0.9598346570178588,-Inf,-Inf,2402
1297,false,0.959827786113022,-Inf,-Inf,2403
1298,false,0.9598265302684025,-Inf,-Inf,2404
1299,false,0.9598243436653328,-Inf,-Inf,2405
1300,false,0.9598205464595406,-Inf,-Inf,2406
1301,false,0.959816353327064,-Inf,-Inf,2407
1302,false,0.9598114599817937,-Inf,-Inf,2408
1303,false,0.959806032599891,-Inf,-Inf,2409
1304,false,0.9598013068946272,-Inf,-Inf,2410
1305,false,0.9597946946773215,-Inf,-Inf,2411
1306,false,0.9597873901976699,-Inf,-Inf,2412
1307,false,0.9597782259655387,-Inf,-Inf,2413
1308,false,0.9597748711812385,-Inf,-Inf,2414
1309,false,0.9597721676437035,-Inf,-Inf,2415
1310,false,0.9597698712730016,-Inf,-Inf,2416
1311,false,0.9597647123856423,-Inf,-Inf,2417
1312,false,0.9597576751022993,-Inf,-Inf,2418
1313,false,0.9597549754862882,-Inf,-Inf,2419
1314,false,0.9597539884776136,-Inf,-Inf,2420
1315,false,0.9597504271131223,-Inf,-Inf,2421
1316,false,0.9597500402559276,-Inf,-Inf,2422
1317,false,0.9597445138093748,-Inf,-Inf,2423
1318,false,0.9597374095743032,-Inf,-Inf,2424
1319,false,0.9597316466487646,-Inf,-Inf,2425
1320,false,0.9597246826291885,-Inf,-Inf,2426
1321,false,0.9597043014952176,-Inf,-Inf,2427
1322,false,0.9597009440427289,-Inf,-Inf,2428
1323,false,0.9596938281972494,-Inf,-Inf,2429
1324,false,0.9596897570692433,-Inf,-Inf,2430
1325,false,0.9596830669408304,-Inf,-Inf,2431
1326,false,0.9596800778325798,-Inf,-Inf,2432
1327,false,0.9596781319337259,-Inf,-Inf,2433
1328,false,0.9596692728198388,-Inf,-Inf,2434
1329,false,0.9596659149311,-Inf,-Inf,2435
1330,false,0.9596610305148616,-Inf,-Inf,2436
1331,false,0.9596564329623317,-Inf,-Inf,2437
1332,false,0.9596507308617641,-Inf,-Inf,2438
1333,false,0.9596479277091959,-Inf,-Inf,2439
1334,false,0.9596424247938201,-Inf,-Inf,2440
1335,false,0.9596380235275923,-Inf,-Inf,2441
1336,false,0.9596285032151519,-Inf,-Inf,2442
1337,false,0.9596194435251821,-Inf,-Inf,2443
1338,false,0.9596130682951304,-Inf,-Inf,2444
1339,false,0.959605103292516,-Inf,-Inf,2445
1340,false,0.9595995498486196,-Inf,-Inf,2446
1341,false,0.9595959449055679,-Inf,-Inf,2447
1342,false,0.9595929047449584,-Inf,-Inf,2448
1343,false,0.959591198958746,-Inf,-Inf,2449
1344,false,0.9595875485659068,-Inf,-Inf,2450
1345,false,0.9595807981118794,-Inf,-Inf,2451
1346,false,0.9595785606311192,-Inf,-Inf,2452
1347,false,0.9595715137092616,-Inf,-Inf,2453
1348,false,0.9595657840044309,-Inf,-Inf,2454
1349,false,0.9595625363979392,-Inf,-Inf,2455
1350,false,0.9595584026965585,-Inf,-Inf,2456
1351,false,0.959551212199148,-Inf,-Inf,2457
1352,false,0.9595454739847126,-Inf,-Inf,2458
1353,false,0.9595395445531597,-Inf,-Inf,2459
1354,false,0.9595325185816025,-Inf,-Inf,2460
1355,false,0.9595277338863302,-Inf,-Inf,2461
1356,false,0.9595230419843801,-Inf,-Inf,2462
1357,false,0.9595182547116573,-Inf,-Inf,2463
1358,false,0.9595147714230697,-Inf,-Inf,2464
1359,false,0.9595088866749213,-Inf,-Inf,2465
1360,false,0.9595058782025563,-Inf,-Inf,2466
1361,false,0.9594906482662015,-Inf,-Inf,2467
1362,false,0.9594863393618159,-Inf,-Inf,2468
1363,false,0.9594827153030185,-Inf,-Inf,2469
1364,false,0.9594764675244523,-Inf,-Inf,2470
1365,false,0.9594683103233661,-Inf,-Inf,2471
1366,false,0.9594627337623318,-Inf,-Inf,2472
1367,false,0.9594588175434788,-Inf,-Inf,2473
1368,false,0.9594535099138553,-Inf,-Inf,2474
1369,false,0.9594508261528578,-Inf,-Inf,2475
1370,false,0.9594476415681952,-Inf,-Inf,2476
1371,false,0.9594445793650266,-Inf,-Inf,2477
1372,false,0.9594426869763646,-Inf,-Inf,2478
1373,false,0.9594385337095701,-Inf,-Inf,2479
1374,false,0.9594338631123576,-Inf,-Inf,2480
1375,false,0.9594329806571925,-Inf,-Inf,2481
1376,false,0.9594289537169443,-Inf,-Inf,2482
1377,false,0.9594233516961406,-Inf,-Inf,2483
1378,false,0.9594152340765536,-Inf,-Inf,2484
1379,false,0.9594115704912869,-Inf,-Inf,2485
1380,false,0.9594093249700006,-Inf,-Inf,2486
1381,false,0.9594062032637114,-Inf,-Inf,2487
1382,false,0.9594029573403009,-Inf,-Inf,2488
1383,false,0.9593928052309955,-Inf,-Inf,2489
1384,false,0.9593869806881734,-Inf,-Inf,2490
1385,false,0.9593844114717096,-Inf,-Inf,2491
1386,false,0.9593795246365205,-Inf,-Inf,2492
1387,false,0.9593699898952348,-Inf,-Inf,2493
1388,false,0.9593687358855663,-Inf,-Inf,2494
1389,false,0.9593567052954574,-Inf,-Inf,2495
1390,false,0.9593511313882483,-Inf,-Inf,2496
1391,false,0.9593459740820236,-Inf,-Inf,2497
1392,false,0.9593374209230796,-Inf,-Inf,2498
1393,false,0.9593352021765085,-Inf,-Inf,2499
1394,false,0.9593302629080032,-Inf,-Inf,2500
1395,false,0.9593238732907492,-Inf,-Inf,2501
1396,false,0.9593193874373719,-Inf,-Inf,2502
1397,false,0.959313614926993,-Inf,-Inf,2503
1398,false,0.9593096680399547,-Inf,-Inf,2504
1399,false,0.959306565244734,-Inf,-Inf,2505
1400,false,0.9593031503935412,-Inf,-Inf,2506
1401,false,0.9593002857003967,-Inf,-Inf,2507
1402,false,0.959299600947624,-Inf,-Inf,2508
1403,false,0.9592920916129979,-Inf,-Inf,2509
1404,false,0.9592889348449452,-Inf,-Inf,2510
1405,false,0.9592849769061813,-Inf,-Inf,2511
1406,false,0.9592802635874621,-Inf,-Inf,2512
1407,false,0.9592715106847711,-Inf,-Inf,2513
1408,false,0.9592674235443194,-Inf,-Inf,2514
1409,false,0.9592632215920217,-Inf,-Inf,2515
1410,false,0.9592590985814409,-Inf,-Inf,2516
1411,false,0.959252540726532,-Inf,-Inf,2517
1412,false,0.959250040782657,-Inf,-Inf,2518
1413,false,0.9592452493720608,-Inf,-Inf,2519
1414,false,0.9592408295644141,-Inf,-Inf,2520
1415,false,0.9592385679998701,-Inf,-Inf,2521
1416,false,0.9592352703036964,-Inf,-Inf,2522
1417,false,0.959231319660338,-Inf,-Inf,2523
1418,false,0.9592295551589235,-Inf,-Inf,2524
1419,false,0.9592270571185927,-Inf,-Inf,2525
1420,false,0.9592246902605005,-Inf,-Inf,2526
1421,false,0.9592088069133194,-Inf,-Inf,2527
1422,false,0.9592006563153987,-Inf,-Inf,2528
1423,false,0.9591976225067609,-Inf,-Inf,2529
1424,false,0.9591938751094932,-Inf,-Inf,2530
1425,false,0.9591904925065052,-Inf,-Inf,2531
1426,false,0.9591794469275017,-Inf,-Inf,2532
1427,false,0.9591723512362503,-Inf,-Inf,2533
1428,false,0.9591673476401217,-Inf,-Inf,2534
1429,false,0.9591603621092882,-Inf,-Inf,2535
1430,false,0.959155727563644,-Inf,-Inf,2536
1431,false,0.9591454925633207,-Inf,-Inf,2537
1432,false,0.9591427378242412,-Inf,-Inf,2538
1433,false,0.9591426603033799,-Inf,-Inf,2539
1434,false,0.9591274887669203,-Inf,-Inf,2540
1435,false,0.9591203680757631,-Inf,-Inf,2541
1436,false,0.9591182923713227,-Inf,-Inf,2542
1437,false,0.9591149163950679,-Inf,-Inf,2543
1438,false,0.9591114510180214,-Inf,-Inf,2544
1439,false,0.9591088933882966,-Inf,-Inf,2545
1440,false,0.9591020402483019,-Inf,-Inf,2546
1441,false,0.9591007778338629,-Inf,-Inf,2547
1442,false,0.9590918658876769,-Inf,-Inf,2548
1443,false,0.9590882731480743,-Inf,-Inf,2549
1444,false,0.9590832202390173,-Inf,-Inf,2550
1445,false,0.9590769341155143,-Inf,-Inf,2551
1446,false,0.9590705588139293,-Inf,-Inf,2552
1447,false,0.9590660992027406,-Inf,-Inf,2553
1448,false,0.9590595415531161,-Inf,-Inf,2554
1449,false,0.959054146595923,-Inf,-Inf,2555
1450,false,0.9590485051748991,-Inf,-Inf,2556
1451,false,0.9590462709764754,-Inf,-Inf,2557
1452,false,0.9590461099905829,-Inf,-Inf,2558
1453,false,0.9590408525485778,-Inf,-Inf,2559
1454,false,0.9590371369554604,-Inf,-Inf,2560
1455,false,0.9590281950182298,-Inf,-Inf,2561
1456,false,0.9590187445910021,-Inf,-Inf,2562
1457,false,0.9590085716777785,-Inf,-Inf,2563
1458,false,0.9590013294161388,-Inf,-Inf,2564
1459,false,0.9589977854385555,-Inf,-Inf,2565
1460,false,0.9589888565455709,-Inf,-Inf,2566
1461,false,0.9589870384145393,-Inf,-Inf,2567
1462,false,0.9589798624285055,-Inf,-Inf,2568
1463,false,0.9589770345295607,-Inf,-Inf,2569
1464,false,0.9589614670664441,-Inf,-Inf,2570
1465,false,0.9589556841760437,-Inf,-Inf,2571
1466,false,0.9589529625833395,-Inf,-Inf,2572
1467,false,0.9589466343641608,-Inf,-Inf,2573
1468,false,0.9589380456191273,-Inf,-Inf,2574
1469,false,0.9589303394826618,-Inf,-Inf,2575
1470,false,0.9589230475630726,-Inf,-Inf,2576
1471,false,0.9589170462972731,-Inf,-Inf,2577
1472,false,0.958913174602812,-Inf,-Inf,2578
1473,false,0.9589063627122507,-Inf,-Inf,2579
1474,false,0.9588978204684874,-Inf,-Inf,2580
1475,false,0.9588944847297918,-Inf,-Inf,2581
1476,false,0.9588839803830334,-Inf,-Inf,2582
1477,false,0.9588761608280865,-Inf,-Inf,2583
1478,false,0.9588695022644843,-Inf,-Inf,2584
1479,false,0.9588657465702536,-Inf,-Inf,2585
1480,false,0.9588625532513978,-Inf,-Inf,2586
1481,false,0.9588537887573264,-Inf,-Inf,2587
1482,false,0.9588456416785938,-Inf,-Inf,2588
1483,false,0.9588404619801656,-Inf,-Inf,2589
1484,false,0.9588386283317387,-Inf,-Inf,2590
1485,false,0.958834228922011,-Inf,-Inf,2591
1486,false,0.9588301625560474,-Inf,-Inf,2592
1487,false,0.9588272326694839,-Inf,-Inf,2593
1488,false,0.9588251204075449,-Inf,-Inf,2594
1489,false,0.9588199968035478,-Inf,-Inf,2595
1490,false,0.9588180843327372,-Inf,-Inf,2596
1491,false,0.9588141702151962,-Inf,-Inf,2597
1492,false,0.9588119636765826,-Inf,-Inf,2598
1493,false,0.9588045773242053,-Inf,-Inf,2599
1494,false,0.9587998430045637,-Inf,-Inf,2600
1495,false,0.9587963609796203,-Inf,-Inf,2601
1496,false,0.9587915359391678,-Inf,-Inf,2602
1497,false,0.9587884941400602,-Inf,-Inf,2603
1498,false,0.9587838412000288,-Inf,-Inf,2604
1499,false,0.9587815585646183,-Inf,-Inf,2605
1500,false,0.9587773415022027,-Inf,-Inf,2606
1501,false,0.9587753443820368,-Inf,-Inf,2607
1502,false,0.9587742403799415,-Inf,-Inf,2608
1503,false,0.9587721570909699,-Inf,-Inf,2609
1504,false,0.9587686229709577,-Inf,-Inf,2610
1505,false,0.9587636928585056,-Inf,-Inf,2611
1506,false,0.9587600317154914,-Inf,-Inf,2612
1507,false,0.9587534212936595,-Inf,-Inf,2613
1508,false,0.958749738604787,-Inf,-Inf,2614
1509,false,0.9587443402391267,-Inf,-Inf,2615
1510,false,0.9587407869845357,-Inf,-Inf,2616
1511,false,0.9587378455409621,-Inf,-Inf,2617
1512,false,0.9587367032862747,-Inf,-Inf,2618
1513,false,0.9587335714828318,-Inf,-Inf,2619
1514,false,0.9587271270016678,-Inf,-Inf,2620
1515,false,0.9587207813743298,-Inf,-Inf,2621
1516,false,0.9587168621246286,-Inf,-Inf,2622
1517,false,0.9587108139577305,-Inf,-Inf,2623
1518,false,0.9587052033854142,-Inf,-Inf,2624
1519,false,0.9586987212054483,-Inf,-Inf,2625
1520,false,0.9586914784402423,-Inf,-Inf,2626
1521,false,0.9586879656542867,-Inf,-Inf,2627
1522,false,0.9586858996026377,-Inf,-Inf,2628
1523,false,0.9586798192228818,-Inf,-Inf,2629
1524,false,0.9586734202887155,-Inf,-Inf,2630
1525,false,0.9586689573561052,-Inf,-Inf,2631
1526,false,0.9586601399246593,-Inf,-Inf,2632
1527,false,0.9586546010315595,-Inf,-Inf,2633
1528,false,0.9586493099659104,-Inf,-Inf,2634
1529,false,0.9586440446856522,-Inf,-Inf,2635
1530,false,0.9586409660487167,-Inf,-Inf,2636
1531,false,0.9586342100552059,-Inf,-Inf,2637
1532,false,0.9586334638352046,-Inf,-Inf,2638
1533,false,0.9586300918440795,-Inf,-Inf,2639
1534,false,0.9586287597381362,-Inf,-Inf,2640
1535,false,0.9586271545298355,-Inf,-Inf,2641
1536,false,0.9586220311271018,-Inf,-Inf,2642
1537,false,0.9586194333096766,-Inf,-Inf,2643
1538,false,0.958611698870107,-Inf,-Inf,2644
1539,false,0.9586080682679853,-Inf,-Inf,2645
1540,false,0.9586033413792405,-Inf,-Inf,2646
1541,false,0.9585969551292974,-Inf,-Inf,2647
1542,false,0.9585934926806574,-Inf,-Inf,2648
1543,false,0.9585887868724957,-Inf,-Inf,2649
1544,false,0.9585836323000594,-Inf,-Inf,2650
1545,false,0.9585762622359439,-Inf,-Inf,2651
1546,false,0.9585703575498125,-Inf,-Inf,2652
1547,false,0.9585654168147495,-Inf,-Inf,2653
1548,false,0.9585623589958419,-Inf,-Inf,2654
1549,false,0.9585583196561046,-Inf,-Inf,2655
1550,false,0.9585560420291257,-Inf,-Inf,2656
1551,false,0.9585472939893253,-Inf,-Inf,2657
1552,false,0.9585421168260129,-Inf,-Inf,2658
1553,false,0.9585393452147766,-Inf,-Inf,2659
1554,false,0.9585357925311171,-Inf,-Inf,2660
1555,false,0.95853351669104,-Inf,-Inf,2661
1556,false,0.9585293680335412,-Inf,-Inf,2662
1557,false,0.9585255832244901,-Inf,-Inf,2663
1558,false,0.9585190424051472,-Inf,-Inf,2664
1559,false,0.9585182931310539,-Inf,-Inf,2665
1560,false,0.9585147521071646,-Inf,-Inf,2666
1561,false,0.9585121035847552,-Inf,-Inf,2667
1562,false,0.9585052753491767,-Inf,-Inf,2668
1563,false,0.9585036772374127,-Inf,-Inf,2669
1564,false,0.9585018976058778,-Inf,-Inf,2670
1565,false,0.9584995262959147,-Inf,-Inf,2671
1566,false,0.9584981433535662,-Inf,-Inf,2672
1567,false,0.9584946011077349,-Inf,-Inf,2673
1568,false,0.9584857709096557,-Inf,-Inf,2674
1569,false,0.9584783397912855,-Inf,-Inf,2675
1570,false,0.9584692162517832,-Inf,-Inf,2676
1571,false,0.9584639040662033,-Inf,-Inf,2677
1572,false,0.9584555787186543,-Inf,-Inf,2678
1573,false,0.9584529332097618,-Inf,-Inf,2679
1574,false,0.9584501197504539,-Inf,-Inf,2680
1575,false,0.9584460492110126,-Inf,-Inf,2681
1576,false,0.9584383877718823,-Inf,-Inf,2682
1577,false,0.9584361900186567,-Inf,-Inf,2683
1578,false,0.958432427992163,-Inf,-Inf,2684
1579,false,0.9584316741809382,-Inf,-Inf,2685
1580,false,0.9584277390644602,-Inf,-Inf,2686
1581,false,0.9584252285611835,-Inf,-Inf,2687
1582,false,0.958423817074719,-Inf,-Inf,2688
1583,false,0.9584146480017365,-Inf,-Inf,2689
1584,false,0.958407210153633,-Inf,-Inf,2690
1585,false,0.9584050622064526,-Inf,-Inf,2691
1586,false,0.9584041687774554,-Inf,-Inf,2692
1587,false,0.9584041004083822,-Inf,-Inf,2693
1588,false,0.958395031961945,-Inf,-Inf,2694
1589,false,0.9583908247556521,-Inf,-Inf,2695
1590,false,0.9583842347309761,-Inf,-Inf,2696
1591,false,0.9583821393240466,-Inf,-Inf,2697
1592,false,0.9583812367680811,-Inf,-Inf,2698
1593,false,0.9583779327832214,-Inf,-Inf,2699
1594,false,0.9583750550038699,-Inf,-Inf,2700
1595,false,0.9583704221499292,-Inf,-Inf,2701
1596,false,0.958365652158466,-Inf,-Inf,2702
1597,false,0.9583639178132095,-Inf,-Inf,2703
1598,false,0.9583604263419742,-Inf,-Inf,2704
1599,false,0.9583567679158366,-Inf,-Inf,2705
1600,false,0.9583523760069448,-Inf,-Inf,2706
1601,false,0.9583486447244278,-Inf,-Inf,2707
1602,false,0.9583436177438892,-Inf,-Inf,2708
1603,false,0.9583419932971335,-Inf,-Inf,2709
1604,false,0.9583370539705945,-Inf,-Inf,2710
1605,false,0.9583359895144179,-Inf,-Inf,2711
1606,false,0.9583323878202609,-Inf,-Inf,2712
1607,false,0.9583316305029237,-Inf,-Inf,2713
1608,false,0.9583308936011763,-Inf,-Inf,2714
1609,false,0.9583287134446659,-Inf,-Inf,2715
1610,false,0.9583285186282775,-Inf,-Inf,2716
1611,false,0.9583254184582527,-Inf,-Inf,2717
1612,false,0.9583244533321671,-Inf,-Inf,2718
1613,false,0.9583244275903638,-Inf,-Inf,2719
1614,false,0.9583243709666778,-Inf,-Inf,2720
1615,false,0.9583214136517184,-Inf,-Inf,2721
1616,false,0.9583186243314596,-Inf,-Inf,2722
1617,false,0.9583143884086303,-Inf,-Inf,2723
1618,false,0.9583097512288679,-Inf,-Inf,2724
1619,false,0.9583050300944761,-Inf,-Inf,2725
1620,false,0.958303929917431,-Inf,-Inf,2726
1621,false,0.958299739731816,-Inf,-Inf,2727
1622,false,0.9582961216615421,-Inf,-Inf,2728
1623,false,0.9582936585293166,-Inf,-Inf,2729
1624,false,0.9582928380867918,-Inf,-Inf,2730
1625,false,0.9582914053062592,-Inf,-Inf,2731
1626,false,0.958288394150431,-Inf,-Inf,2732
1627,false,0.9582808853423707,-Inf,-Inf,2733
1628,false,0.9582776986216681,-Inf,-Inf,2734
1629,false,0.9582760919013165,-Inf,-Inf,2735
1630,false,0.958263617686127,-Inf,-Inf,2736
1631,false,0.9582557529937938,-Inf,-Inf,2737
1632,false,0.9582493219929274,-Inf,-Inf,2738
1633,false,0.9582466804954091,-Inf,-Inf,2739
1634,false,0.9582425849256334,-Inf,-Inf,2740
1635,false,0.9582379404691335,-Inf,-Inf,2741
1636,false,0.9582317359080029,-Inf,-Inf,2742
1637,false,0.9582261296808305,-Inf,-Inf,2743
1638,false,0.9582228811092005,-Inf,-Inf,2744
1639,false,0.9582206340556327,-Inf,-Inf,2745
1640,false,0.9582152056818816,-Inf,-Inf,2746
1641,false,0.9582138126900552,-Inf,-Inf,2747
1642,false,0.958213259912613,-Inf,-Inf,2748
1643,false,0.9582103439552365,-Inf,-Inf,2749
1644,false,0.958206600607977,-Inf,-Inf,2750
1645,false,0.9582034368590446,-Inf,-Inf,2751
1646,false,0.9582011382460351,-Inf,-Inf,2752
1647,false,0.95820014467695,-Inf,-Inf,2753
1648,false,0.958199660152148,-Inf,-Inf,2754
1649,false,0.9581945895302499,-Inf,-Inf,2755
1650,false,0.9581899513584502,-Inf,-Inf,2756
1651,false,0.9581863217893032,-Inf,-Inf,2757
1652,false,0.958183449993998,-Inf,-Inf,2758
1653,false,0.9581816782898018,-Inf,-Inf,2759
1654,false,0.9581775989682209,-Inf,-Inf,2760
1655,false,0.9581761412738948,-Inf,-Inf,2761
1656,false,0.958175449230987,-Inf,-Inf,2762
1657,false,0.9581737483775004,-Inf,-Inf,2763
1658,false,0.9581721912973071,-Inf,-Inf,2764
1659,false,0.9581719291791666,-Inf,-Inf,2765
1660,false,0.9581712496457043,-Inf,-Inf,2766
1661,false,0.9581688843043344,-Inf,-Inf,2767
1662,false,0.9581645093630815,-Inf,-Inf,2768
1663,false,0.9581620865757194,-Inf,-Inf,2769
1664,false,0.9581587313902725,-Inf,-Inf,2770
1665,false,0.9581551763645448,-Inf,-Inf,2771
1666,false,0.9581512107319843,-Inf,-Inf,2772
1667,false,0.9581445661462074,-Inf,-Inf,2773
1668,false,0.9581424343865258,-Inf,-Inf,2774
1669,false,0.958138607875543,-Inf,-Inf,2775
1670,false,0.9581342341521442,-Inf,-Inf,2776
1671,false,0.9581310667782987,-Inf,-Inf,2777
1672,false,0.9581303999807157,-Inf,-Inf,2778
1673,false,0.9581262502434041,-Inf,-Inf,2779
1674,false,0.95812319965375,-Inf,-Inf,2780
1675,false,0.9581213853515753,-Inf,-Inf,2781
1676,false,0.9581107464899747,-Inf,-Inf,2782
1677,false,0.9581103445815798,-Inf,-Inf,2783
1678,false,0.9581083268051496,-Inf,-Inf,2784
1679,false,0.95810759985657,-Inf,-Inf,2785
1680,false,0.9581075767217011,-Inf,-Inf,2786
1681,false,0.9581071373922677,-Inf,-Inf,2787
1682,false,0.9581070422503917,-Inf,-Inf,2788
1683,false,0.9581060129008063,-Inf,-Inf,2789
1684,false,0.9581016294021394,-Inf,-Inf,2790
1685,false,0.9580996406512139,-Inf,-Inf,2791
1686,false,0.9580977169719925,-Inf,-Inf,2792
1687,false,0.9580935283222366,-Inf,-Inf,2793
1688,false,0.9580883039723512,-Inf,-Inf,2794
1689,false,0.9580837663414066,-Inf,-Inf,2795
1690,false,0.9580786833975331,-Inf,-Inf,2796
1691,false,0.958076790576319,-Inf,-Inf,2797
1692,false,0.9580723395126491,-Inf,-Inf,2798
1693,false,0.9580715630347285,-Inf,-Inf,2799
1694,false,0.9580685324437703,-Inf,-Inf,2800
1695,false,0.9580663023073954,-Inf,-Inf,2801
1696,false,0.9580652637639413,-Inf,-Inf,2802
1697,false,0.9580629731535438,-Inf,-Inf,2803
1698,false,0.9580601641808433,-Inf,-Inf,2804
1699,false,0.9580572928430691,-Inf,-Inf,2805
1700,false,0.9580525809547284,-Inf,-Inf,2806
1701,false,0.9580503824701637,-Inf,-Inf,2807
1702,false,0.9580496139448094,-Inf,-Inf,2808
1703,false,0.9580473326901775,-Inf,-Inf,2809
1704,false,0.9580461736071515,-Inf,-Inf,2810
1705,false,0.9580457762921991,-Inf,-Inf,2811
1706,false,0.9580446874126511,-Inf,-Inf,2812
1707,false,0.958044440412012,-Inf,-Inf,2813
1708,false,0.958041863095583,-Inf,-Inf,2814
1709,false,0.958037499926164,-Inf,-Inf,2815
1710,false,0.9580336765605364,-Inf,-Inf,2816
1711,false,0.9580273487016369,-Inf,-Inf,2817
1712,false,0.9580240783589367,-Inf,-Inf,2818
1713,false,0.9580213280035984,-Inf,-Inf,2819
1714,false,0.9580183553970589,-Inf,-Inf,2820
1715,false,0.9580139744377238,-Inf,-Inf,2821
1716,false,0.9580030278104821,-Inf,-Inf,2822
1717,false,0.9580013724496992,-Inf,-Inf,2823
1718,false,0.9579953217272382,-Inf,-Inf,2824
1719,false,0.9579920624590812,-Inf,-Inf,2825
1720,false,0.9579845290302018,-Inf,-Inf,2826
1721,false,0.9579814369021589,-Inf,-Inf,2827
1722,false,0.9579783500843518,-Inf,-Inf,2828
1723,false,0.9579755388690512,-Inf,-Inf,2829
1724,false,0.9579739711632277,-Inf,-Inf,2830
1725,false,0.9579693937884942,-Inf,-Inf,2831
1726,false,0.9579680261160028,-Inf,-Inf,2832
1727,false,0.9579647451694968,-Inf,-Inf,2833
1728,false,0.9579636614315223,-Inf,-Inf,2834
1729,false,0.9579596949911295,-Inf,-Inf,2835
1730,false,0.957959229455623,-Inf,-Inf,2836
1731,false,0.9579556251868229,-Inf,-Inf,2837
1732,false,0.9579507585865907,-Inf,-Inf,2838
1733,false,0.9579490343548467,-Inf,-Inf,2839
1734,false,0.9579481184946379,-Inf,-Inf,2840
1735,false,0.9579423788692984,-Inf,-Inf,2841
1736,false,0.9579385916836336,-Inf,-Inf,2842
1737,false,0.9579368406553637,-Inf,-Inf,2843
1738,false,0.9579347308244028,-Inf,-Inf,2844
1739,false,0.9579322793401741,-Inf,-Inf,2845
1740,false,0.9579321670336197,-Inf,-Inf,2846
1741,false,0.9579319814989632,-Inf,-Inf,2847
1742,false,0.9579292807299183,-Inf,-Inf,2848
1743,false,0.957927598649734,-Inf,-Inf,2849
1744,false,0.9579223426017045,-Inf,-Inf,2850
1745,false,0.957918364431213,-Inf,-Inf,2851
1746,false,0.9579141028325268,-Inf,-Inf,2852
1747,false,0.9579120869609116,-Inf,-Inf,2853
1748,false,0.957907772272264,-Inf,-Inf,2854
1749,false,0.9579067650361499,-Inf,-Inf,2855
1750,false,0.957906581660685,-Inf,-Inf,2856
1751,false,0.9579036114541764,-Inf,-Inf,2857
1752,false,0.9578927931072566,-Inf,-Inf,2858
1753,false,0.9578858775597383,-Inf,-Inf,2859
1754,false,0.9578829343070778,-Inf,-Inf,2860
1755,false,0.9578787915373889,-Inf,-Inf,2861
1756,false,0.9578763379589306,-Inf,-Inf,2862
1757,false,0.9578759397537678,-Inf,-Inf,2863
1758,false,0.9578710673224002,-Inf,-Inf,2864
1759,false,0.9578694035771447,-Inf,-Inf,2865
1760,false,0.9578691619052158,-Inf,-Inf,2866
1761,false,0.9578654995012728,-Inf,-Inf,2867
1762,false,0.9578631797501322,-Inf,-Inf,2868
1763,false,0.9578578808498408,-Inf,-Inf,2869
1764,false,0.9578543108911104,-Inf,-Inf,2870
1765,false,0.9578512267104596,-Inf,-Inf,2871
1766,false,0.9578481392518022,-Inf,-Inf,2872
1767,false,0.9578431043846043,-Inf,-Inf,2873
1768,false,0.9578366174571356,-Inf,-Inf,2874
1769,false,0.9578279014987892,-Inf,-Inf,2875
1770,false,0.9578197014598476,-Inf,-Inf,2876
1771,false,0.9578149973735031,-Inf,-Inf,2877
1772,false,0.9578126492535592,-Inf,-Inf,2878
1773,false,0.9578119275600365,-Inf,-Inf,2879
1774,false,0.9578093008023226,-Inf,-Inf,2880
1775,false,0.9578004966529994,-Inf,-Inf,2881
1776,false,0.9577974204728535,-Inf,-Inf,2882
1777,false,0.9577959259367016,-Inf,-Inf,2883
1778,false,0.9577906376096066,-Inf,-Inf,2884
1779,false,0.9577865878824443,-Inf,-Inf,2885
1780,false,0.95778599697098,-Inf,-Inf,2886
1781,false,0.9577808457112059,-Inf,-Inf,2887
1782,false,0.957776436217751,-Inf,-Inf,2888
1783,false,0.9577708365654934,-Inf,-Inf,2889
1784,false,0.9577693262776581,-Inf,-Inf,2890
1785,false,0.9577616574648038,-Inf,-Inf,2891
1786,false,0.9577547676517526,-Inf,-Inf,2892
1787,false,0.9577528790989706,-Inf,-Inf,2893
1788,false,0.9577502228589763,-Inf,-Inf,2894
1789,false,0.957747564883574,-Inf,-Inf,2895
1790,false,0.9577458500167576,-Inf,-Inf,2896
1791,false,0.957736422488049,-Inf,-Inf,2897
1792,false,0.9577343434304793,-Inf,-Inf,2898
1793,false,0.957733912195474,-Inf,-Inf,2899
1794,false,0.9577300578260267,-Inf,-Inf,2900
1795,false,0.9577286359977113,-Inf,-Inf,2901
1796,false,0.9577280904952836,-Inf,-Inf,2902
1797,false,0.9577250817605564,-Inf,-Inf,2903
1798,false,0.9577218450124769,-Inf,-Inf,2904
1799,false,0.9577212977696349,-Inf,-Inf,2905
1800,false,0.9577209575479246,-Inf,-Inf,2906
1801,false,0.9577206054579277,-Inf,-Inf,2907
1802,false,0.9577177250034858,0.5391163518796348,-0.41860137312385104,2908
1803,false,0.9577093825124936,0.5391163518796348,-Inf,2909
1804,true,0.9577011151733104,0.5693860101498329,-0.38831510502347744,2910
1805,true,0.9576758118829891,0.5693860101498329,-0.39150963914925363,2911
1806,true,0.9576696158233811,0.5693860101498329,-0.39199020742019197,2912
1807,true,0.957656623806876,0.5722660528294538,-0.38539057097742224,2913
1808,true,0.9576413138104299,0.5722660528294538,-0.3867893591922914,2914
1809,true,0.95763125270636,0.5722660528294538,-0.3943712216162092,2915
1810,true,0.9576219404464202,0.5722660528294538,-0.3929149532476084,2916
1811,true,0.957617375444664,0.5722660528294538,-0.3874601190916418,2917
